URL,Probability (%)
http://www.afpixel.pl,1.2861736334405145
http://www.gbrent.pl,6.109324758842444
https://zlocieniec.maxelektro.pl,1.607717041800643
http://www.notariusz-brandys.com.pl,1.2861736334405145
https://www.moment.pl,19.614147909967848
http://topauto.com.pl,6.430868167202572
http://www.coolbike.pl,10.289389067524116
http://meliusclinic.pl,9.32475884244373
https://notariuszkarny.pl,3.858520900321544
http://www.babykuc.pl,1.2861736334405145
https://www.noratel.com,3.536977491961415
https://www.smyk.com,12.861736334405144
http://parzona.cafe,26.688102893890676
http://www.gemhotel.pl,19.935691318327976
http://www.enkipolska.com,0.0
https://www.gamkia.pl,13.504823151125404
https://www.biedronka.pl,8.038585209003216
http://www.flyhighcoffee.pl,8.681672025723474
https://sielskieanielskie.pl,7.07395498392283
http://www.stanicakresowa.pl,2.8938906752411575
http://www.czosnekioliwa.pl,2.8938906752411575
https://betamed.pl,8.038585209003216
http://www.cukierniasowa.pl,6.430868167202572
http://www.rivieraresort.pl,6.109324758842444
http://centrumogrodniczewdrzewcach.pl,15.755627009646304
http://www.take-system.pl,0.964630225080386
https://fartlandia.pl,8.038585209003216
http://www.proinstel.pl,0.0
https://eterveganbakery.pl,0.964630225080386
http://www.lublin.marianie.pl,1.2861736334405145
https://www.biurotfc.pl,3.858520900321544
http://marmal-tech.pl,1.2861736334405145
https://sklep-oraz-serwis-rowerowy-maxbike.business.site,0.0
http://www.piosicki.pl,1.2861736334405145
http://www.bmw-team.pl,3.536977491961415
https://kwiaciarnia-kwiaty-ciete-i-bukiety.business.site,0.0
http://laplaya.czest.pl,0.0
http://diecezjaelk.pl,2.8938906752411575
http://termyrzymskie.pl,2.8938906752411575
https://kopernik-olsztyn.com.pl,4.501607717041801
https://nartyok.pl,7.07395498392283
http://www.cypelzwierzynieckirog.pl,6.109324758842444
http://www.uszewca.pl,0.0
http://kleparz.krakow.pl,1.607717041800643
https://www.kwiatexolsztyn.pl,9.003215434083602
http://www.plus.pl,18.006430868167204
http://www.instal-h2o.pl,6.109324758842444
http://www.mularski.pl,1.2861736334405145
http://www.taniekempingi.pl,2.8938906752411575
http://www.eltrox.pl,19.614147909967848
http://www.stt-service.pl,3.536977491961415
http://www.ajm-prawnik-szczecin.pl,7.395498392282958
http://www.studiohypnosis.pl,2.2508038585209005
http://okongroup.pl,14.469453376205788
http://www.lublin-notariusz.pl,2.8938906752411575
http://www.przechowalniamarzen.com,12.540192926045016
https://bridgestone-stargard.pl,2.8938906752411575
https://maskowybal.pl,17.684887459807076
http://www.weze-hydrauliczne.waw.pl,1.2861736334405145
http://www.awarie24h.com,7.07395498392283
https://domdziennikarza.com,1.2861736334405145
http://www.elem.pl,9.32475884244373
https://www.chkrokus.pl,2.572347266881029
http://www.angepress.pl,9.32475884244373
http://grillubazyla.pl,0.3215434083601286
http://sercanielublin.pl,2.2508038585209005
https://www.procargdansk.pl,5.787781350482315
https://gniedziejkostomatologia.pl,3.536977491961415
http://bistrogiselle.pl,2.8938906752411575
http://www.doktorce.com,10.289389067524116
https://dworzno.pl,8.681672025723474
http://www.braciadebscy.pl,7.07395498392283
https://slc.com.pl,12.861736334405144
http://ekti.pl,2.8938906752411575
http://www.hotelsilver.pl,25.401929260450164
http://greenheat.com.pl,2.8938906752411575
http://www.mktermoinstal.pl,11.89710610932476
http://www.rybolowka.pl,1.2861736334405145
http://www.tias.pl,1.607717041800643
https://trigar.pl,17.684887459807076
https://wellclinic.pl,2.8938906752411575
http://aldonaoleksy.com,3.858520900321544
http://www.citoodszkodowania.pl,2.8938906752411575
http://kancelariafranczak.pl,6.752411575562702
https://noclegigwardia.pl,7.717041800643088
https://wren.pl,9.646302250803858
https://www.notariusz-ferorelli.pl,1.2861736334405145
http://www.buttercut.pl,23.15112540192926
https://adwokat-noetzel.pl,7.07395498392283
http://www.jeffs.com,1.2861736334405145
http://www.hotmag.pl,8.038585209003216
http://www.spectrapro.pl,2.8938906752411575
http://www.golarzfilip.com,4.180064308681672
https://www.kapral-car.pl,8.360128617363344
https://pure-clinic.pl,11.57556270096463
http://finisher.pl,7.07395498392283
https://duda-cars.pl,3.858520900321544
http://www.nobilemotors.mercedes-benz.pl,19.935691318327976
http://dynioland.edu.pl,2.8938906752411575
http://www.elnow.pl,0.0
https://alievs.pl,13.504823151125404
https://hot-car.pl,6.109324758842444
http://www.audicentrumlublin.audi.pl,1.929260450160772
http://www.audiszczecin.audi.pl,1.929260450160772
http://www.galeriausmiechu.pl,2.8938906752411575
https://kancelaria-db.pl,7.07395498392283
http://www.cukierniastaropolska.pl,7.07395498392283
http://www.koszalin.fitcake.pl,1.2861736334405145
https://koszalin.so.gov.pl,7.717041800643088
https://an-elec.pl,1.2861736334405145
http://www.fotowoltaika-mazury.pl,11.57556270096463
https://thewhitebearcoffee.pl,7.07395498392283
https://lambert-hotel.pl,29.260450160771708
https://panoramic-oscar.pl,17.684887459807076
http://lublin-zana.oddzialpzu.pl,2.8938906752411575
http://vitoibella.pl,3.215434083601286
http://flotapodlasie.pl,2.8938906752411575
https://www.zasiejpole.pl,9.646302250803858
https://donutstudio.pl,13.504823151125404
https://perlakrutyni.pl,12.540192926045016
https://www.cito.info.pl,3.215434083601286
http://www.express.pl,9.003215434083602
http://www.bike-rs.pl,11.89710610932476
http://lublin-lipowa.oddzialpzu.pl,2.8938906752411575
http://hydro-dar.pl,1.607717041800643
https://fryzjerstwomalinowski.pl,8.038585209003216
https://fhupgm-maciazek-grzegorz.business.site,0.0
https://www.kwiaciarnia-bialystok.com.pl,2.572347266881029
https://www.bydloipowidlo.pl,34.40514469453376
http://www.wypozyczalnia.zagiel.pl,2.8938906752411575
http://www.2xtak.pl,1.2861736334405145
https://dabnica.pl,7.07395498392283
https://ora.koszalin.pl,13.504823151125404
http://www.ortomix.lublin.pl,3.858520900321544
http://adwokatketrzyn.pl,8.360128617363344
http://www.bigwall.szczecin.pl,2.8938906752411575
https://www.wropol.pl,1.2861736334405145
http://www.polspray.com.pl,6.109324758842444
https://pubfiction.pl,2.2508038585209005
http://parkingpyrzowice.pl,3.858520900321544
https://browar-przystan.pl,2.8938906752411575
http://abak.com.pl,8.038585209003216
https://www.jmrowery.com,30.22508038585209
http://laserland.pl,4.501607717041801
http://www.laka.bar,10.289389067524116
https://www.hola.katowice.pl,2.8938906752411575
https://www.elektrotermia.com.pl,1.2861736334405145
http://kdrc.pl,0.0
https://kaiserpatisserie.pl,9.32475884244373
https://www.siemens.com,9.967845659163988
http://www.sklodowscy.pl,7.07395498392283
http://www.salazabawlemon.pl,5.466237942122187
http://www.projektserwisnadzor.pl,1.607717041800643
https://www.doprawnika.pl,3.215434083601286
http://www.folwarknadawki.pl,0.0
http://flowertavern.pl,13.826366559485532
http://www.klubmilakamien.pl,8.681672025723474
http://el-volt.com.pl,2.8938906752411575
https://e-pamir.pl,6.430868167202572
http://www.ekosfera.olsztyn.pl,3.858520900321544
http://www.alarmserwis.net.pl,1.2861736334405145
https://browarmariacki.pl,10.932475884244374
https://www.indykpol.pl,2.2508038585209005
http://www.kwiaciarniasopot.pl,1.607717041800643
http://www.duomed.pl,6.109324758842444
http://krakow.factory.pl,4.180064308681672
http://bazylika.szczecin.pl,2.572347266881029
https://furmanczykclinic.pl,7.07395498392283
http://www.pzzkrakow.com.pl,0.0
https://bravodeveloper.pl,3.858520900321544
http://www.grachor.com.pl,6.109324758842444
http://www.mateusz.bydgoszcz.pl,4.180064308681672
http://motozbytmoto.pl,18.006430868167204
http://www.radczyni.elk.pl,1.2861736334405145
http://www.centrumerotyki.com.pl,9.967845659163988
https://chogi.pl,6.109324758842444
http://renewclinic.pl,4.501607717041801
http://www.elektromasters.com.pl,3.215434083601286
http://hurtpaula.pl,1.2861736334405145
https://pod-arkadami-salon-fryzjerski-meski-roman-klich.business.site,0.0
https://jasam.eu,8.038585209003216
http://slonecznyport.pl,11.89710610932476
http://www.zlotyklucz.pl,6.430868167202572
https://clinicderm.pl,15.112540192926044
https://www.lendi.pl,5.787781350482315
https://kwiaciarnia-orchidea-katarzyna-szymanska.business.site,0.0
http://www.kawiarniabezcukru.pl,13.826366559485532
http://wigrus.pl,2.2508038585209005
http://kondratowicztransport.pl,15.755627009646304
http://www.volkswagentychy.pl,5.787781350482315
https://www.stomatologia25.pl,2.8938906752411575
http://www.energotad.pl,3.215434083601286
http://www.gbikes.pl,8.681672025723474
https://xtremekoszalin.pl,2.8938906752411575
http://www.profitsc.biz.pl,2.8938906752411575
https://eurokas.volvocars-partner.pl,4.501607717041801
https://bsrowery.pl,4.501607717041801
http://www.capuccinocafe.pl,7.07395498392283
http://olsztyn-kosciuszki.oddzialpzu.pl,2.8938906752411575
https://www.intervis.com.pl,2.8938906752411575
https://gregmont.pl,10.289389067524116
http://www.pubkubryk.pl,2.8938906752411575
http://campingecho.pl,2.8938906752411575
https://rezerwacje.hulakula.com.pl,2.572347266881029
https://torun.bmw-dynamicmotors.pl,4.501607717041801
https://www.swsm.pl,4.501607717041801
https://www.larishotels.com,23.15112540192926
http://www.kurkowa2a.pl,16.720257234726688
https://winnicajura.pl,11.254019292604502
http://www.stadnina-galkowo.pl,0.0
http://cieploserwis.pl,6.109324758842444
http://hahs.pl,1.2861736334405145
http://www.tapasrybka.pl,1.2861736334405145
https://kwiaciarniakoszalin.pl,10.289389067524116
https://www.ergohestia.pl,3.536977491961415
http://www.nietak.eu,6.109324758842444
https://edclinic.pl,10.610932475884244
https://www.consultorfinanse.pl,6.109324758842444
https://domvolvo.volvocars-partner.pl,4.501607717041801
http://www.chorzow-notariusz.pl,2.8938906752411575
http://www.mk-therm.pl,27.974276527331188
https://www.clubgarage.pl,6.109324758842444
http://carwashspa.pl,19.614147909967848
http://baka-ortodonta.pl,2.8938906752411575
https://gabinetrowerowy.pl,2.572347266881029
http://www.krystynabuczkowska.pl,1.2861736334405145
https://katowice.bmw-bawariamotors.pl,4.501607717041801
http://www.kwadratowa.pl,3.858520900321544
http://kik.olsztyn.pl,0.0
http://www.rowerowysam.pl,0.0
http://eltrox.pl,19.614147909967848
http://www.adwokat-kucharzewska.pl,1.607717041800643
https://www.dziorawykociol.pl,2.8938906752411575
http://bialystok-warszawska.oddzialpzu.pl,2.8938906752411575
http://wodnik-mazury.pl,1.607717041800643
https://www.jungleboogie.pl,14.790996784565916
http://www.pt-mazury.com.pl,0.0
https://twoja-choinka.pl,6.430868167202572
http://www.gdubezpieczenia.pl,2.8938906752411575
http://www.eltop.torun.pl,1.607717041800643
http://www.browarwarmia.pl,2.8938906752411575
http://www.klimbest.pl,3.536977491961415
http://www.cyfrowe.pl,15.112540192926044
https://www.lansk.pl,8.681672025723474
http://panewnicka201.pl,4.823151125401929
http://eelektrotech.pl,6.109324758842444
http://sprint-rowery.pl,14.469453376205788
http://www.zamekwtykocinie.pl,4.501607717041801
https://kwiaciarnia-elblag.business.site,0.0
http://klubamigo.pl,13.826366559485532
http://www.adwokatmirski.pl,2.8938906752411575
http://www.kwiaciarniaflora.com.pl,15.112540192926044
http://www.sikorskiartandbeauty.pl,0.0
https://www.notariusz-krasnik.pl,0.0
https://rowerowy-serwis.pl,2.8938906752411575
http://www.notariuszwolsztynie.pl,1.607717041800643
http://www.kolatek.pl,9.32475884244373
https://www.ustroniepark.pl,9.32475884244373
http://centrumzdrowegowlosa.pl,5.466237942122187
http://www.zezuj.pl,1.607717041800643
https://prorowery.pl,9.003215434083602
http://www.instalacjegazowe-rola.pl,1.607717041800643
https://wypozyczalnia-anna.pl,6.109324758842444
http://www.niesobski.pl,3.215434083601286
https://www.scania.com,4.501607717041801
https://watis.com.pl,6.109324758842444
http://www.montenegro.torun.pl,4.501607717041801
https://kariera.future-processing.pl,2.8938906752411575
http://musicman.pl,10.610932475884244
http://www.silveradocity.pl,10.289389067524116
https://www.jula.pl,19.935691318327976
https://kawiarniabeza.eatbu.com,0.0
http://www.farmapony.pl,1.607717041800643
https://ludynia.eu,4.180064308681672
http://www.toyota-bialystok.pl,22.186495176848876
https://albaz.pl,1.2861736334405145
http://www.owbesia.pl,2.8938906752411575
http://www.niedzwiedz-sanit.pl,6.109324758842444
https://newlookclinic.pl,5.466237942122187
https://centrummiedzynami.pl,5.144694533762058
http://www.mariocar.pl,5.466237942122187
http://www.galaxyhotel.pl,25.401929260450164
https://prive-club.pl,2.8938906752411575
http://www.surfschool.pl,13.504823151125404
http://www.lipeckiszkolka.pl,2.8938906752411575
https://www.akacjowydwor-spa.pl,9.003215434083602
https://conceptbike.pl,0.0
http://www.justart-studio.com,3.858520900321544
http://autorezerwacje.pl,1.2861736334405145
https://malowanie-krakow.pl,1.2861736334405145
http://marad.sosnowiec.pl,1.2861736334405145
https://www.city-hotel.pl,12.861736334405144
https://instytuty.drirenaeris.com,6.109324758842444
http://www.centrumborek.pl,10.289389067524116
http://pakorent.pl,10.932475884244374
http://www.szkolka-uroczysko.pl,1.2861736334405145
https://www.luzny.pl,13.826366559485532
http://dyskontodziezowy.com,2.8938906752411575
http://www.motosport-gliwice.com,8.681672025723474
https://www.ikea.com,2.8938906752411575
https://lukiteam-sklep-rowerowy-bialystok.business.site,0.0
http://www.loster.pl,1.2861736334405145
http://www.vanax.com.pl,0.0
http://www.tenneco.com,1.2861736334405145
http://www.kik.pl,14.469453376205788
https://wejherowo.sr.gov.pl,9.32475884244373
http://porsche-katowice.pl,4.501607717041801
https://piwomentzena.pl,8.681672025723474
http://www.compp.pl,0.0
http://www.chleboteka.pl,11.57556270096463
http://kwiaciarniaszczytno.pl,1.929260450160772
http://muzeumsamochodowzabytkowych.pl,10.289389067524116
http://www.kraska.co,2.2508038585209005
https://votum-sa.pl,9.32475884244373
https://www.ekopunkt.com.pl,1.2861736334405145
http://www.wikpol.com.pl,6.752411575562702
https://www.taniaksiazka.pl,16.39871382636656
http://www.warsztatfryzurmeskich.pl,5.144694533762058
https://kwiatowelovelublin.pl,14.469453376205788
http://bromberg.eu,7.07395498392283
http://www.loftbike.pl,6.430868167202572
https://www.wheego-mobility.com,11.57556270096463
http://www.klubmilazegrzynek.pl,11.89710610932476
https://www.peruwianka.pl,7.07395498392283
https://tajska.pl,17.684887459807076
http://adwokatura-bialystok.pl,15.112540192926044
http://szalone-florystki.pl,2.8938906752411575
http://www.sztukamiesa.com.pl,6.109324758842444
http://giax.com.pl,8.038585209003216
https://blackbeard.com.pl,11.254019292604502
https://pl.schindhelm.com,3.215434083601286
https://skladmuzyczny.pl,13.183279742765272
https://verdeclinic.pl,10.610932475884244
http://www.krotkieboki.pl,0.964630225080386
http://zelbo.pl,6.430868167202572
http://magnetaudit.eu,7.07395498392283
http://ogrody-kulka.pl,2.2508038585209005
http://www.mielnoholiday.pl,18.64951768488746
https://www.pstryku.pl,9.967845659163988
http://www.rydla52.pl,15.112540192926044
https://www.mk94.pl,3.858520900321544
http://bialystok-hallera.oddzialpzu.pl,2.8938906752411575
https://www.opmar.pl,4.501607717041801
https://lublin.bmw-bestauto.pl,3.536977491961415
https://shotbaruboot.pl,2.8938906752411575
https://komornikgdansk-majdzinski.pl,1.2861736334405145
https://www.seka.pl,7.07395498392283
http://www.papaver.pl,13.826366559485532
https://kwiatyagaty.com.pl,11.254019292604502
http://www.bylinyolsztyn.pl,1.2861736334405145
http://www.anja-tax.pl,2.2508038585209005
https://prawo-gdansk.pl,7.07395498392283
http://www.megabit.net.pl,1.2861736334405145
https://pogotowiehydraulicznewroc24h.business.site,0.0
https://krakow.bmw-mcars.pl,3.536977491961415
http://www.cka-mrowka.pl,3.215434083601286
https://perfectskin-koszalin.pl,7.07395498392283
http://www.kwiaciarniapszczolka.pl,13.504823151125404
http://lombardomat.pl,11.254019292604502
https://pit-biuro-rachunkowe.localo.site,1.2861736334405145
https://przystanbydgoszcz.pl,0.0
http://www.browar-olbracht.pl,2.2508038585209005
http://www.arraburg.pl,2.8938906752411575
http://www.automobile.gda.pl,6.109324758842444
https://good-balance.eu,9.967845659163988
http://www.galindia.com.pl,2.8938906752411575
https://www.superpharm.pl,19.614147909967848
http://www.tonerylublin.pl,3.536977491961415
http://www.turboelk.com.pl,12.540192926045016
http://www.ksvictoria-suprasl.pl,2.8938906752411575
http://www.rumia.esalezjanie.pl,3.858520900321544
http://www.tortex.pl,1.607717041800643
https://fontesmed.pl,2.8938906752411575
https://www.aldi.pl,7.07395498392283
http://notariusz-puck.pl,4.501607717041801
https://pixel.pl,4.501607717041801
http://www.szczecin.so.gov.pl,6.430868167202572
http://www.gornystudio.pl,2.8938906752411575
http://halaswiebodzki.pl,3.858520900321544
http://www.2plus1.pl,1.2861736334405145
https://abcmycie.pl,6.109324758842444
https://piekarniamlynolecko.pl,13.826366559485532
http://www.hotelatlanta.pl,16.720257234726688
http://www.lilan.pl,8.038585209003216
http://visimind.pl,5.466237942122187
http://www.kia.polmotor.pl,1.2861736334405145
http://www.technopark-pomerania.pl,2.2508038585209005
https://web.facebook.com,14.14790996784566
http://oferta.polbisauto.pl,1.2861736334405145
https://lowisko-specjalne-mlyn-w-ransku.business.site,0.0
http://abudelektro.pl,7.07395498392283
https://www.zajazd.ketrzyn.pl,2.8938906752411575
http://www.entliczek.pl,16.077170418006432
http://www.omyhair.pl,6.430868167202572
http://www.stajniakarsibor.com,17.041800643086816
http://www.autobroker.pl,0.0
https://rowerowelove.shop,12.861736334405144
http://www.zmaczeni.com,1.607717041800643
http://www.studiosante.pl,7.395498392282958
https://g4freeenergy.pl,1.2861736334405145
http://www.sas-prohunter.pl,11.254019292604502
https://gdansk.enot.pl,3.215434083601286
http://www.garnitex.pl,8.681672025723474
https://www.spichrz.pl,12.540192926045016
http://www.rs-sport.pl,7.395498392282958
https://bunkierclub.pl,11.57556270096463
http://www.broburgers.pl,14.469453376205788
http://www.czupkallo.pl,1.2861736334405145
http://yasumitorun.yasumi.pl,2.2508038585209005
https://auto-land.pl,2.2508038585209005
http://rysiny.pl,2.8938906752411575
http://kawiarniamoja.pl,18.006430868167204
http://www.rowerysportowy.pl,12.861736334405144
http://www.gazinstal.net,0.0
https://cheers-by-m-cukiernia-and-cafe.eatbu.com,0.0
https://www.sprawdzonynotariusz.pl,7.07395498392283
http://www.zielonabrama.com.pl,13.826366559485532
https://www.kancelaria-kubiak.pl,11.57556270096463
http://www.fabrykausmiechu.com,12.861736334405144
http://xedos.sklep.pl,8.681672025723474
http://www.skoda.ganinex.com.pl,3.215434083601286
https://adwokat.suszynski.com.pl,11.254019292604502
http://www.biuro-malinowska.pl,0.964630225080386
http://www.hotelotomin.pl,14.14790996784566
https://klif.pl,0.0
http://electric.pl,17.041800643086816
http://www.wilgosiewicz.pl,4.180064308681672
http://www.basqserwis.pl,3.858520900321544
http://www.donimirski.com,6.430868167202572
https://gall-icm.skoda.pl,10.932475884244374
http://www.kamienica.bialystok.pl,6.430868167202572
https://www.wabco-auto.com,6.109324758842444
http://www.discounterra.pl,1.2861736334405145
http://www.partsclub.pl,2.8938906752411575
http://www.duojanow.pl,27.331189710610932
https://hydrauliksystem.olsztyn.pl,10.610932475884244
https://www.hubertusonline.pl,11.89710610932476
http://www.skorpions.pl,11.254019292604502
http://www.jga.com.pl,3.215434083601286
http://www.obmikolow.robia.pl,1.2861736334405145
https://zarzadzenie-nieruchomosciami.business.site,0.0
http://www.skinmed.com.pl,10.289389067524116
http://www.mark.pl,7.07395498392283
https://kiamakarewicz.pl,3.858520900321544
http://www.zdzieblowski.pl,0.0
http://www.paparazzi.clinic,9.646302250803858
http://nastroje-natury.pl,0.0
https://pepco.pl,3.858520900321544
http://www.tamed.pl,11.89710610932476
https://www.lubelskie.kas.gov.pl,2.2508038585209005
https://bazantowo.pl,28.938906752411576
http://www.daniken.com.pl,8.681672025723474
https://edbud.localo.site,1.2861736334405145
http://nolio.pl,7.07395498392283
http://www.angreg.pl,0.0
http://sip-auto.pl,2.8938906752411575
https://pl.webuy.com,15.112540192926044
http://www.zachodniopomorskie.kas.gov.pl,2.2508038585209005
http://www.incomgroup.pl,14.790996784565916
https://www.onetax.pl,6.430868167202572
https://bluemarine.pl,29.581993569131832
http://www.twojadwokat.koszalin.pl,4.501607717041801
https://rejestracjapojazdu.pl,8.681672025723474
http://www.browarpodzamkiem.pl,5.466237942122187
https://warszawa.bmw-autofus.pl,6.752411575562702
https://supercar24.pl,0.0
http://www.tauron.pl,4.180064308681672
http://www.hmi.info.pl,2.8938906752411575
https://www.kinonh.pl,1.929260450160772
https://kbzlegal.pl,14.14790996784566
http://www.lexom.pl,3.215434083601286
http://www.szczecin.bmw-bonkowscy.pl,3.536977491961415
http://www.adwokacipiotrowscy.pl,1.2861736334405145
https://seat.plichta.com.pl,4.501607717041801
http://www.n11.pl,4.180064308681672
https://www.roedl.pl,4.180064308681672
http://www.madlen.pl,17.041800643086816
https://elektroinstal.elk.pl,2.8938906752411575
http://www.toyota-olsztyn.pl,22.186495176848876
http://www.kwiaciarnialesna.pl,3.215434083601286
https://pieknagora.pl,1.607717041800643
http://spaorkana.pl,14.14790996784566
http://www.jdkodak.com.pl,10.289389067524116
http://www.citroenbiela.pl,0.0
http://www.esencja-restauracja.pl,13.504823151125404
http://www.nemo-swiatrozrywki.pl,2.2508038585209005
http://www.zs3wroc.edupage.org,0.964630225080386
https://stomatologelk.pl,6.430868167202572
http://www.przyczepkapruszcz.pl,7.717041800643088
http://www.outletcentrumwyprzedazy.pl,0.0
https://www.tous.com,23.15112540192926
http://dubnicki.dacia.pl,8.681672025723474
https://sportano.pl,19.935691318327976
http://www.rkf.com.pl,6.109324758842444
http://vitadens.com.pl,1.2861736334405145
https://newrent.pl,8.038585209003216
http://www.hegmar.pl,8.038585209003216
http://parafia.poniatowa.pl,0.0
http://oginskiobrazy.pl,0.0
https://www.gradigolfclub.pl,7.07395498392283
http://tattoopoland.com,2.8938906752411575
https://roslinarium-koszalin.pl,14.469453376205788
https://www.odkryj-auto.pl,7.395498392282958
http://kancelaria-chmurak.pl,4.180064308681672
https://www.derma-med.pl,11.254019292604502
http://www.instalhurt.sklep.pl,7.07395498392283
http://www.hotel-lwow.pl,8.360128617363344
http://elblag.po.gov.pl,1.607717041800643
https://www.petitforestier.com,5.144694533762058
https://sw-jozef.lublin.pl,12.540192926045016
http://www.skrawtechnik.pl,1.2861736334405145
http://www.alpakiwawerskie.pl,9.32475884244373
https://www.zlotyklucz.lublin.pl,13.504823151125404
https://www.urbancard.pl,2.2508038585209005
https://www.intersport.pl,9.32475884244373
http://www.tuje.rzetelnafirma.pl,0.0
http://www.piotripawel.diecezja.gda.pl,1.607717041800643
http://www.lalila.pl,13.826366559485532
http://www.u7.pl,10.289389067524116
http://hurtowniadani.pl,2.8938906752411575
http://dobry-kon.pl,13.826366559485532
http://www.stefanogrod.pl,3.215434083601286
http://www.winnicekojder.pl,8.681672025723474
https://jld.pl,1.2861736334405145
https://sportprofit.pl,8.360128617363344
https://face-clinic.pl,4.501607717041801
http://www.smart-mdb.pl,3.215434083601286
http://www.pwserkowski.pl,2.572347266881029
http://www.marlenablasik-kasperek.pl,10.289389067524116
https://gol-bud.com,8.038585209003216
https://opa.pl,6.430868167202572
https://boboland24.pl,11.57556270096463
http://www.nkm.pl,1.2861736334405145
https://defender.net.pl,12.218649517684888
http://www.ma-box.pl,5.466237942122187
https://www.hotelstbruno.pl,29.581993569131832
https://www.action.com,1.607717041800643
http://www.grupavertico.pl,2.8938906752411575
https://www.carter.pl,22.186495176848876
https://autoczesci-korkuc.pl,1.607717041800643
https://wirizak.business.site,0.0
https://kwiaciarniaeldorado.pl,4.501607717041801
https://www.centrumrowerowe.pl,10.610932475884244
http://michalarchaniol.lublin.pl,11.254019292604502
https://enel.pl,1.607717041800643
https://www.leonardo-hotels.pl,42.443729903536976
https://zakupywm1.pl,2.572347266881029
https://www.polarsport.pl,15.434083601286176
http://www.lexus-szczecin.pl,14.14790996784566
https://www.renault.torun.pl,11.254019292604502
http://www.fryzjer-mielno.pl,1.607717041800643
https://gaczorek-team.com,14.469453376205788
https://sealart.pl,7.717041800643088
https://vittorio-koszalin.eatbu.com,0.0
http://www.queenmama.pl,12.540192926045016
https://sklep.pogonszczecin.pl,10.289389067524116
http://www.zelek.com.pl,0.964630225080386
https://www.koszyki.com,4.501607717041801
https://www.invimed.pl,2.8938906752411575
https://www.bajglekrolajana.pl,31.189710610932476
http://www.pierogarnia-mandu.pl,6.109324758842444
http://www.honda-ariesmotor.pl,3.215434083601286
http://www.interaktivedesign.pl,7.07395498392283
http://notariusz-zawadzka.pl,2.8938906752411575
https://implantis.krakow.pl,10.289389067524116
http://www.wioskarowerowa.pl,1.607717041800643
https://www.kiaplichta.pl,3.215434083601286
http://www.szczepione-na-pniu.pl,6.430868167202572
http://www.nagranicy.pl,2.2508038585209005
http://www.ortholux.pl,6.109324758842444
http://www.nieprzesnia1.com,9.967845659163988
https://cmjurajska.pl,1.2861736334405145
http://www.predko-engel.pl,1.2861736334405145
http://www.puszczykowka.pl,13.504823151125404
https://szkolka-kruszewscy.pl,11.254019292604502
http://szczecin-farna.oddzialpzu.pl,2.8938906752411575
https://p-de-p.pl,12.861736334405144
https://visaandwork.com,7.07395498392283
http://margosklepy.pl,2.572347266881029
https://e-cavallo.pl,9.967845659163988
http://www.elektrobudowa.com.pl,1.607717041800643
https://centrummaszyncnc.pl,2.2508038585209005
http://www.tracom.pl,2.8938906752411575
http://www.toyota.gdynia.pl,22.186495176848876
http://www.legis.com.pl,2.572347266881029
https://www.pikawa.pl,10.289389067524116
http://www.hurtowniakwiatow-doro.pl,1.2861736334405145
https://pajdachleba.com.pl,0.0
http://www.krainazdrowegousmiechu.pl,10.932475884244374
http://cukierniasowa.pl,6.430868167202572
http://www.swettattoo.com,4.823151125401929
http://www.florita.pl,2.8938906752411575
https://gdynianotariusz.pl,2.8938906752411575
https://carter-chodzen.pl,22.186495176848876
https://woda-beach-bar.business.site,0.0
https://www.projektjunior.pl,11.57556270096463
https://kancelariasamoszuk.pl,6.109324758842444
http://kominki-market.pl,15.755627009646304
https://www.eko-mont.pl,8.038585209003216
https://www.sixt.pl,14.469453376205788
https://www.kancelariarocha.pl,2.8938906752411575
https://stacjafoodhall.pl,3.215434083601286
http://www.wkb.pl,3.215434083601286
http://opoltrans.com.pl,4.823151125401929
https://rower.com.pl,7.07395498392283
https://website-60681699743286681360-florist.business.site,0.0
http://www.elektryknet.pl,13.183279742765272
https://szkolkajanczewice.pl,6.430868167202572
http://www.visittorun.com,8.681672025723474
http://www.antiquebeauty.eu,8.038585209003216
http://www.avanta-audit.pl,2.8938906752411575
http://hydrobud-lublin.pl,1.607717041800643
http://salonalchemic.booksy.com,4.180064308681672
http://miodowyraj.info.pl,0.0
http://www.hydros.lublin.pl,0.0
http://www.nowomed.pl,6.109324758842444
http://www.rajskiogrod.pisz.pl,1.607717041800643
http://www.17schodow.com,1.607717041800643
http://www.nesto.biz.pl,2.8938906752411575
http://www.hydraulik-szczecin.com.pl,2.8938906752411575
https://kpmg.com,1.929260450160772
https://zarembasalony.pl,2.8938906752411575
https://transauto-elk.otomoto.pl,0.0
https://jozefkoszalin.pl,0.0
http://gdansk-targ-drzewny.oddzialpzu.pl,2.8938906752411575
https://ragu.pl,0.0
http://vbass.pl,2.8938906752411575
http://www.salonstudio.me,7.717041800643088
https://www.halalipowa.pl,13.183279742765272
http://www.eleks.com.pl,1.2861736334405145
http://www.szabelski.pl,3.858520900321544
https://ssc.sallinggroup.com,2.8938906752411575
https://www.felicity-lublin.pl,9.003215434083602
http://www.notariusz-nieniewska.pl,0.3215434083601286
https://www.4ride.pl,8.038585209003216
http://www.piekarniacodzienna.pl,7.07395498392283
http://foxstudio.ketrzyn.pl,6.109324758842444
https://rowery-indiana.pl,6.109324758842444
https://solvoltage.pl,7.395498392282958
http://viveprofit.pl,13.183279742765272
http://www.ikskancelaria.pl,4.501607717041801
http://www.bumar.gliwice.pl,2.8938906752411575
http://eltamin.pl,2.8938906752411575
https://www.pru.pl,3.858520900321544
http://www.alka-ustronie.pl,6.430868167202572
https://www.mazda-warszawa-odyssey.pl,17.363344051446948
https://www.wyndhamhotels.com,34.726688102893895
http://www.rk.com.pl,2.2508038585209005
http://www.rys.koszalin.pl,0.0
http://www.beiks.com.pl,16.39871382636656
http://www.warta.ubezpieczenie.com.pl,3.858520900321544
http://www.rzeczna.pl,0.0
http://www.dubnicki.pl,1.607717041800643
https://imo-cars.otomoto.pl,0.0
https://bulat.pl,4.823151125401929
https://silver-mikolaja.30hotel.com,14.14790996784566
https://artkarinawika.pl,9.32475884244373
https://molonlabe.pl,9.646302250803858
https://technotop.pl,10.932475884244374
http://salon2kolka.pl,13.504823151125404
https://swietywojciechmragowo.pl,1.607717041800643
http://www.kwiaciarniagdansk.com,1.607717041800643
http://www.alfadruk24.pl,3.215434083601286
https://elk.fimot.pl,10.932475884244374
http://www.hydroserwis.olsztyn.pl,1.2861736334405145
http://motozbyt.elk.pl,1.607717041800643
https://germaz.suzuki.pl,1.929260450160772
http://www.andzik.pl,1.2861736334405145
https://polmotor.renault.pl,8.681672025723474
https://archibial.pl,2.8938906752411575
https://oleba.pl,0.0
https://zdrowie.pzu.pl,7.07395498392283
http://www.hydratec.pl,0.0
https://bestdrive.pl,11.57556270096463
http://ferajna.pro,3.858520900321544
http://domar.pl,6.430868167202572
http://www.nortoncars.pl,7.07395498392283
http://www.notariusz-kabat.pl,2.8938906752411575
http://remontada.pl,1.2861736334405145
http://www.ogrod-powsin.pl,9.32475884244373
https://www.akpolbaby.pl,10.289389067524116
http://www.smakolyki.eu,9.967845659163988
http://studiostylizacjiwnetrz.pl,6.109324758842444
http://www.hansa-flex.com.pl,3.858520900321544
https://www.multibrowar.eu,1.2861736334405145
http://www.rcsosnowice.pl,1.929260450160772
http://www.toyotanowakowski.pl,22.186495176848876
https://lampkischodowe.pl,11.89710610932476
http://www.fenomed.pl,14.469453376205788
https://krakow.greatpolonia.pl,12.540192926045016
http://www.piotrawin.pl,6.109324758842444
https://www.euroflex.com.pl,2.8938906752411575
https://sztukater.pl,2.572347266881029
http://www.impero.com.pl,2.2508038585209005
https://motocyklebmwkrakow.pl,13.504823151125404
https://fantazjapisz.pl,16.39871382636656
http://www.hotelsantana.pl,18.971061093247588
http://www.slodycztejkrainy.pl,13.504823151125404
http://www.auto-kenson.eu,2.8938906752411575
https://artmuseum.pl,8.360128617363344
http://elfline.pl,1.607717041800643
https://myslowice.quickpark.pl,2.2508038585209005
https://kjauto.pl,4.501607717041801
http://pd-instal.pl,2.8938906752411575
https://libertow.bmw-mcars.pl,3.536977491961415
http://motozbyt.renault.pl,8.681672025723474
https://notus.pl,3.858520900321544
https://www.adwokatcebo-kubiczek.pl,7.395498392282958
http://drzewianska.pl,2.8938906752411575
https://olsztyn.bmw-zdunek.pl,4.501607717041801
https://elektro-install.com.pl,10.289389067524116
http://www.pmbike.pl,11.57556270096463
http://eurocentrum.pl,1.607717041800643
https://margo.pl,15.112540192926044
http://www.dobrymechanik.bydgoszcz.pl,0.0
http://www.autokolorbielecki.eu,0.0
http://www.atria-hotel.pl,4.823151125401929
http://www.notariusz-wrzeszcz.pl,0.0
http://www.motorpol.seat-auto.pl,1.2861736334405145
https://highlandwarmia.com,10.289389067524116
http://instalpiast.pl,11.89710610932476
https://www.decar.pl,2.2508038585209005
http://www.kawelin.pl,15.112540192926044
http://www.brembo.com,1.607717041800643
http://www.karczmabida.com,10.289389067524116
http://www.mazda-lublin-matsuoka.pl,16.39871382636656
http://skleppilker.pl,1.607717041800643
http://www.27thfloor.pl,2.8938906752411575
http://walentynowicz.pl,0.0
http://pajtunskimlyn.pl,2.8938906752411575
http://www.firmy.net,1.2861736334405145
http://www.fryszkowscy.pl,7.07395498392283
http://szczecinek.oddzialpzu.pl,2.8938906752411575
http://www.cakestercafe.pl,11.57556270096463
http://formmed.com.pl,10.289389067524116
https://adrian-zdunek-re-moon.business.site,0.0
http://www.zistechnika.pl,1.607717041800643
http://max-usluga.pl,1.2861736334405145
https://www.starakarczma.elblag.pl,1.2861736334405145
http://sklep.irmaksport.pl,0.0
https://www.czd.pl,1.607717041800643
http://www.medoral.pl,1.2861736334405145
http://www.soray.pl,7.07395498392283
http://slezanskimlyn.wroc.pl,15.755627009646304
http://bialeccy.pl,1.2861736334405145
https://www.wynajmij-samochod.eu,27.009646302250808
https://www.maxpremiumburgers.pl,4.501607717041801
http://www.artmedica-torun.pl,7.07395498392283
http://www.bajgiel.com.pl,6.109324758842444
https://www.galeria-osielsko.pl,8.038585209003216
https://optim-el.pl,2.8938906752411575
https://www.warminsko-mazurskie.kas.gov.pl,2.2508038585209005
http://www.grodziskolubin.pl,0.0
http://www.ranger.net.pl,10.289389067524116
http://www.karczmapodkogutem.pl,1.607717041800643
http://www.wajk.pl,8.681672025723474
https://temar-elektromechanika-marek-chomicz.business.site,0.0
http://roweryszczecin.pl,3.858520900321544
http://www.culto.pl,34.40514469453376
https://adwokatztorunia.pl,13.504823151125404
https://denmed-klinika.pl,4.501607717041801
http://www.starter-tczew.pl,7.395498392282958
https://bistrocharlotte.com,17.684887459807076
http://wynajem-dostawczych.com.pl,6.430868167202572
http://www.natalialietz.pl,2.8938906752411575
http://arteclinic.eu,3.858520900321544
https://e-ambrosia.pl,8.681672025723474
http://bar-familijny.pl,7.07395498392283
http://www.ambit.pl,1.607717041800643
http://cyclingplanet.pl,1.2861736334405145
https://elektrofar.pl,6.109324758842444
http://wypozyczalniaauto.pl,1.929260450160772
https://www.facebook.com,14.14790996784566
http://www.peleton.pl,9.646302250803858
http://www.alimex.pl,8.681672025723474
https://gdansk.bmw-bawariamotors.pl,4.501607717041801
https://www.naryby.mragowo.pl,2.8938906752411575
https://warszawa.bmw-inchcape.pl,4.501607717041801
http://www.pagat.com.pl,8.038585209003216
http://notariusz.swidnik.pl,3.215434083601286
https://specnagodziny.pl,6.109324758842444
http://www.zwrotpodatku-24.pl,10.610932475884244
http://manekin.pl,2.8938906752411575
http://www.cmsanitas.pl,2.2508038585209005
http://www.panta.gda.pl,3.536977491961415
http://www.rowerzysta.pl,12.861736334405144
http://lubkom.com,3.858520900321544
http://www.tawernaorlowska.pl,4.501607717041801
http://www.intercar.mercedes-benz.pl,19.935691318327976
http://www.mallbud.pl,1.607717041800643
https://zambre.top,4.501607717041801
http://www.karpnakielski.pl,16.720257234726688
https://www.greenkoszalin.pl,7.07395498392283
https://twojlekarz-wawa.pl,5.787781350482315
http://www.tokarygolf.pl,1.2861736334405145
http://www.lesicka.com,2.8938906752411575
https://www.piekneobrazy.pl,7.07395498392283
https://sklep.kadrzynski.pl,8.681672025723474
https://www.mbmotors.pl,7.717041800643088
http://www.reetz.pl,0.6430868167202572
http://pruszczgda.pl,1.2861736334405145
https://hydraulika-system.business.site,0.0
http://www.ogrodyjustyny.pl,2.8938906752411575
http://www.plum.pl,1.607717041800643
http://www.chromiec.com.pl,0.0
https://elektrobud-koszalin.pl,3.215434083601286
http://www.roweryciuckowski.pl,4.823151125401929
https://www.hydraulik-stargard.pl,1.2861736334405145
http://www.top-motors.com.pl,3.858520900321544
http://kia.wadowscy.pl,4.501607717041801
http://sapkid.pl,14.14790996784566
https://autoblach.pl,3.215434083601286
http://www.hormon.pl,1.607717041800643
http://www.wspl.koszalin.pl,2.8938906752411575
https://salon-fryzjerski-kwiaty-we-wlosach.business.site,0.0
https://www.blazevideo.pl,3.215434083601286
http://www.globalsystem.pl,0.0
http://adwokat-radziusz.pl,0.0
http://www.vidis.pl,17.041800643086816
http://gdansk.czuprynki.pl,4.823151125401929
http://www.padok.net,1.2861736334405145
http://www.prelitech.pl,0.0
https://bialostockagastronomia.pl,3.858520900321544
http://poddebem.pl,4.501607717041801
http://www.mazowieckie.kas.gov.pl,2.2508038585209005
http://glencorepolska.pl,0.0
http://parafiaczyzyny.pl,2.2508038585209005
http://www.arete.info.pl,1.2861736334405145
https://coumarka.pl,3.536977491961415
https://wypozyczalnia-samochodow-gizycko.business.site,0.0
https://sportroom.pl,11.254019292604502
http://www.chomik.pl,6.109324758842444
http://www.fala1.pl,4.501607717041801
http://www.zieniedziela.pl,1.2861736334405145
http://www.hortulus.com.pl,4.823151125401929
http://www.dastamotorscompany.pl,1.607717041800643
https://medistica.com.pl,2.8938906752411575
http://www.iurator.com,6.752411575562702
https://www.siedliskonawiady.pl,4.501607717041801
http://bartoszmichalski.pl,2.8938906752411575
https://odzieznawage.eu,4.180064308681672
http://ketrzyn.oddzialpzu.pl,2.8938906752411575
http://www.cukierniakinga.pl,2.2508038585209005
http://rowery.mazury.info.pl,0.0
http://www.isoplus.pl,4.501607717041801
http://raidel.pl,0.0
http://www.artcafe.naklo.pl,2.8938906752411575
https://weranda.apartments,21.54340836012862
https://centrumfotelikow.pl,9.646302250803858
https://www.sinsay.com,19.935691318327976
http://www.bialystokonline.pl,7.07395498392283
https://vikingpoint.pl,17.684887459807076
https://meteor-turystyka.pl,3.858520900321544
https://www.centrumpetra.pl,1.2861736334405145
https://twojhydraulik24.pl,3.858520900321544
https://chocholowydwor.pl,2.8938906752411575
http://bialamalpa.pl,0.0
https://ostrodziak.pl,6.109324758842444
http://mikolajczak.com.pl,0.0
http://gosciniecpodzajacem.pl,6.109324758842444
https://bbking.pl,1.2861736334405145
https://business.google.com,6.752411575562702
https://zbojnagora.pl,3.215434083601286
http://www.hotelsolar.com.pl,18.971061093247588
http://wypozyczauto.elk.pl,6.109324758842444
https://sienkoisyn.dealer.volkswagen.pl,1.929260450160772
https://pixel-xl.com,1.2861736334405145
https://www.elektron-instalacje.pl,2.8938906752411575
https://portal.intervapo.pl,0.0
https://www.sasek.pl,4.501607717041801
http://omegaimport.com.pl,6.109324758842444
https://www.gov.pl,2.572347266881029
http://www.remel.pl,3.858520900321544
https://pelier.pl,18.006430868167204
http://www.cukierniawz.pl,2.8938906752411575
https://dealer.porsche.com,3.536977491961415
https://galonoleje.pl,18.006430868167204
http://www.zem.elk.pl,1.2861736334405145
http://happycutsgdynia.booksy.com,5.787781350482315
https://pirozek.pl,6.109324758842444
https://makehappy.pl,0.0
http://www.rojax.pl,7.07395498392283
https://www.castorama.pl,31.189710610932476
http://www.notariusz-cennik.pl,2.8938906752411575
https://www.dmbflora.pl,2.2508038585209005
https://www.rusalkamazury.pl,1.2861736334405145
http://masternak.pl,2.8938906752411575
https://www.kgcars.com.pl,1.607717041800643
https://www.karczmarzym.com.pl,6.109324758842444
http://www.bigastyl.pl,7.07395498392283
http://www.lextributum.com.pl,5.144694533762058
https://fct24.pl,4.180064308681672
http://www.witman.mercedes-benz.pl,19.935691318327976
http://www.warmiapark.pl,1.2861736334405145
http://www.niewylej.pl,8.038585209003216
https://e-velomania.pl,12.861736334405144
http://www.ekwador-robson.pl,18.64951768488746
http://www.viveprofit.pl,13.183279742765272
https://cars-rent.pl,6.109324758842444
http://www.al-mot.pl,3.215434083601286
http://zuchlinski.com.pl,10.610932475884244
http://www.euroinst.pl,1.2861736334405145
http://www.bunnycafe.pl,10.289389067524116
http://sosnowezacisze.pl,1.607717041800643
https://electofun.pl,14.469453376205788
http://hfgsm.elk.pl,1.2861736334405145
http://www.notariuszstraszyn.pl,2.8938906752411575
https://fotoforma.pl,13.183279742765272
http://skleprowerowy.olsztyn.pl,0.0
https://store.goorder.pl,0.964630225080386
http://pttkukta.pl,6.430868167202572
https://wypozyczalnia.meida.pl,13.504823151125404
https://www.mmt.info.pl,27.009646302250808
http://www.iggypizza.pl,4.823151125401929
https://www.miejski.pl,1.2861736334405145
http://ampershop.pl,7.07395498392283
http://www.skattmax.pl,6.752411575562702
http://www.termo.com.pl,2.8938906752411575
https://www.dobrerowery24.pl,7.07395498392283
http://www.bikeup.pl,2.572347266881029
http://www.car-hi-fi.pl,1.2861736334405145
https://moje-kwiatki-kwiaciarnia-i-pracownia-florystyczna.business.site,0.0
http://karorealizacje.pl,2.8938906752411575
http://www.sochaclinic.pl,0.0
http://www.goscinieczapiecek.pl,6.109324758842444
http://gdanskiecentrumstomatologiczne.pl,2.2508038585209005
https://sklep.legia.com,13.504823151125404
http://tabun.com.pl,1.2861736334405145
https://babyhit.pl,7.07395498392283
http://www.designeroutletgdansk.pl,2.572347266881029
http://wozkiwidlowe.org.pl,2.8938906752411575
http://wegorzewoadwokat.pl,1.607717041800643
https://dostawcze24.pl,1.2861736334405145
https://mateusz.olsztyn.pl,5.466237942122187
http://nrent.eu,10.289389067524116
https://www.stomatologia-stencel.pl,3.215434083601286
https://jadczyk.pl,7.717041800643088
http://www.kbpomorze.pl,2.8938906752411575
https://koniksport.pl,9.32475884244373
https://teatrkamienica.pl,1.607717041800643
https://www.galow.pl,1.607717041800643
http://www.55100.pl,1.2861736334405145
http://www.piekarniaklos.pl,1.607717041800643
http://kancelaria-glanc.pl,3.215434083601286
https://epi.com.pl,7.07395498392283
