URL,E-commerce Indicator
https://www.bkk-verbundplus.de,0
http://www.hans-hund.de,0
https://www.kunsthallerostock.de,1
https://www.landbierparadies.com,1
https://www.demling.de,1
https://www.handwerk20.de,1
http://www.tsp-law.com,0
http://kidz-doc.de,0
https://www.burg-reichenstein.com,1
https://monaloser-salon.de,0
https://www.dziolko-taxlaw.com,1
http://www.skaliks-sohn.de,1
http://www.knarr-knopp.de,0
http://www.fahrrad-harder.de,1
http://auto-rieger.de,1
https://cube-store.nanobike.de,1
http://www.bestsecret.com,1
http://hairjordan.de,1
https://www.implantate-tuebingen.de,0
http://www.kanzleiammuenster.de,1
https://first-class-damen-herren-friseur.business.site,-99
http://wassermann-heidelbeeren.de,1
http://www.manfred-schmid.de,1
https://ey-law.de,0
http://www.baeckereikohler.de,1
https://www.c-and-a.com,0
http://www.friseur-khair.de,0
https://www.b채cker-schill.de,1
http://www.roedl.de,0
http://www.keipp.com,1
http://www.baua.de,0
http://www.combe.de,1
https://www.mundwerk-hamburg.de,0
http://rueyam.de,1
https://www.mercedes-benz-darmstadt.de,0
http://www.movinground-freizeitpark.de,1
https://roadsurfer.com,1
https://www.zahnarzt-praxis-ravensburg.de,0
https://www.fritz-berger.de,1
http://www.alb-elektric.de,1
https://flormarkt.de,1
http://elmatic.com,1
https://www.spargelhof-klaistow.de,1
https://www.holzmarkt.com,1
https://www.edeka.de,1
http://www.locher-haustechnik.de,1
https://www.schloss-berge.de,1
https://www.bestcuts.de,0
http://www.littletiana.de,1
http://www.wendelstein-hotel.de,1
http://www.wepler-scheja.de,-99
https://www.bernsteinreiter.de,1
https://barbierchampion.business.site,-99
https://der-salon.eu,0
http://www.schneidergeiwitz.de,1
https://www.es-kanzlei.de,1
http://www.naan-barmbek.de,1
https://www.sta-wuppertal.nrw.de,0
https://www.ostseeferienpark-seepferdchen.de,1
http://www.koepke-elektromontagen.de,1
http://www.j-store-hamburg.de,0
https://www.rowdy-barber.de,0
https://www.meinreal.de,-99
https://www.bar-centrale.com,1
https://www.hamburg.de,1
http://www.abbeiz.de,1
https://www.stark-gruppe.de,1
https://www.ihg.com,1
https://www.celsior-refrigeration.com,1
https://zeb-consulting.com,1
https://www.aok.de,0
http://www.hotel-camenz-guestrow.de,1
https://kliniken.medicalpark.de,1
https://www.oralchirurgie.com,0
https://www.rae-lingnau.de,0
https://www.oediv.de,1
https://www.luffy-pancake.com,1
http://www.finanzamt-freising.de,1
http://hongyunlai-ulm.de,1
https://facebook.com,1
https://www.filderland.de,1
https://www.bmw-muenchen.de,1
http://www.finanzamt-schwandorf.de,1
http://www.vital-hotel.de,1
http://www.ztk-zahngesundheit.de,0
https://www.blumen-risse.de,0
http://www.dein-dental-mannheim.de,0
http://www.spaethsche-baumschulen.de,1
https://www.verlocke.de,1
http://www.maler-enders.de,1
http://www.del-tufo.de,1
https://www.lidl.de,0
http://www.isolier-wendt.de,1
https://www.rabe-bike.de,1
https://rueyamdoener.de,1
https://www.maler-wolfseher.de,1
http://outlet-ravennapark.de,1
http://www.drrosso.de,0
https://www.bollants.de,1
https://www.hertz.de,1
http://globetrotter.de,1
http://casino-duisburg.de,1
https://www.riu.com,1
http://www.bauerngarten-benninghoven.de,1
https://kunstundspiel.com,1
https://lokmam.de,1
http://www.mgr-stb.de,1
http://www.wofa-wolf.de,1
https://www.jako-o.com,0
http://www.cafeeinstein.de,1
https://www.cosy-wasch.de,1
http://www.grub-brugger.de,0
http://www.schulauer-faehrhaus.de,1
https://www.eversheds-sutherland.com,1
https://www.v-markt.de,1
http://www.takumi-duesseldorf.de,1
http://www.becker-tiemann.de,1
https://haareszeiten-haarlounge.de,0
https://www.adac.de,1
http://www.zeitlos.group,0
https://www.hotelamrothenbaum.de,1
https://welt-im-buch.de,1
https://www.leickel.de,1
https://www.prefa.de,1
http://www.davidfitness.de,1
http://www.pos-nuernberg.de,1
http://www.hardy-barth.de,1
https://konditorei-heinemann.de,0
http://www.holz-weisbrodt.de,1
http://www.haare-mittmann.de,0
https://www.etl.de,0
http://www.spkulm.de,1
http://www.fahrstil-radladen.de,1
http://www.boetz.de,1
https://www.meissner-elektronic.de,1
http://www.cotidiano.de,1
https://www.spiering.de,0
https://www.brochier-gruppe.de,1
http://rostocker-stadtmaler.de,1
http://www.hotel-tiergarten.de,1
http://www.stirnweiss-brenner.de,0
http://www.rechtsanwaeltinlorenz.de,1
https://www.scherer-gruppe.de,1
http://www.rueba.de,1
https://stutzenmuhle.business.site,-99
http://www.friseur-liedtke.de,0
https://find.shell.com,-99
http://www.alter-fritz.de,1
https://mobil-krankenkasse.de,0
https://www.elektroinstallation-lebing.de,1
https://www.ford-poellot-feucht.de,1
https://www.burg-stettenfels.de,1
http://www.bike-and-style.de,1
https://ad.doubleclick.net,1
http://www.friseurlounge-selin.de,1
https://www.friseur-weiden.de,0
https://konzept-weiss.de,1
https://schwarz-weissenhorn.de,0
https://www.sixt.de,1
http://www.eeatec.de,1
https://www.mvzmedeco.berlin,0
http://www.pleitegeier2.de,1
https://www.herbrand.de,-99
https://fair-play-casino.de,1
https://www.fine-esthetics.de,1
https://www.fair-play-casino.de,1
https://www.weitkamp.de,0
https://mainz.bestdutchonlinecasino.com,-99
http://www.tasfirini.com,1
http://www.kauver-oberhausen.de,1
http://www.bazle.de,0
https://www.gottfried-schultz.de,1
http://www.rowerk18.de,1
http://www.der-barbier-ulm.de,0
https://justiz.hamburg.de,1
https://www.rad-race.com,1
https://www.bona-me.de,1
https://www.davidfechner.de,0
https://olivergerbert-haare.de,0
https://yotiy.com,-99
https://www.tuev-hessen.de,1
http://www.zahn-gesundheitszentrum.de,0
https://esysteme21.de,1
http://www.autohaus-pietsch.de,1
https://www.kraemer.de,1
http://www.hymer-waldsee.de,1
http://www.ehf-ip.com,1
https://www.hnw-fulda.de,1
http://www.steigerwaldmobile.de,1
https://snockscoffee.com,1
https://www.adentics.de,0
https://hyundai.auto-eggert.com,1
https://www.frauenaerzte-nuernberg-nord.de,1
https://www.wuerzburg.ihk.de,0
https://ku64.de,0
https://calendly.com,1
http://www.jacks-barber-shop.de,0
http://www.burg-rabenstein.de,1
http://www.damianwerner.de,1
https://gladbeck.vandervalk.de,1
http://www.docsander.de,0
https://www.liquid-life.de,1
https://fahrrad-jordan.business.site,-99
http://www.erdbeerhof-kaack.de,1
https://hohmann-schaub.de,0
http://www.netto.de,1
http://www.haarwerk-duisburg.de,0
https://www.hotel-esperanto.de,1
https://bigboostburger.de,1
https://www.jebe.de,-99
https://www.der-felsner.de,0
https://www.haspa.de,0
http://www.barbershop-weiden.de,0
http://www.dritan-alsela.de,1
http://www.hirsch-nu.de,1
https://www.gum-and-fun.info,1
http://www.haustechnik.hamburg,1
https://www.elektromotoren-holder.de,0
http://www.rae-herzog-partner.de,0
https://adameve-hamburg.de,1
https://www.tk.de,-99
https://gebr-wachs.de,1
https://www.schoenheitsrausch.de,1
https://celona.de,1
https://dodel-floristik.de,1
http://www.ra-barbershop.de,0
http://www.blumen-lederer.de,1
http://www.mkgchirurgie-weiden.de,1
http://www.casino-eightball.de,1
http://www.s-n-g.eu,-99
https://cafe-extrablatt.de,1
https://www.asw-automobile.de,1
http://www.25hours-hotels.com,1
https://mehler-systems.com,1
https://www.gdk-rostock.de,1
http://www.concorde-muenchen.de,1
https://chocoversum.de,1
https://www.globus-baumarkt.de,0
http://dermatologie-spandau.de,1
https://tripinn-hotels.com,1
http://bmw-zeisler.de,1
https://www.johanniter-gaestehaus.de,1
http://www.mkgulm.de,1
https://www.baeckergoertz.de,1
http://www.zollpackhof.de,1
http://www.senne-hotel.de,1
http://www.rechtsanwalt-und-notar-christian-pfeiffer.de,0
http://arena-hotel.de,1
http://www.pkf-wms.de,0
http://www.steinhaeuser-huemmer.de,1
http://www.caravelle-kreuznach.de,0
http://www.rhoen-rennsteig-sparkasse.de,1
https://zahnarztpraxiskuenzell.de,0
https://paulaner-nockherberg.com,1
https://schwedischer-farbenhandel.de,1
http://www.lackiercenter-handel.de,-99
http://www.elektrotechnik-nitz.de,1
https://www.avis.de,0
http://www.graffiti-cans.com,1
https://www.kamb.de,1
http://www.klostergaertnerei.drw.de,1
http://www.bain.de,1
https://rosis-autohof.de,1
https://beck-pollitzer.com,1
http://www.johanneshof.de,1
http://cocoon-beautycare.com,1
http://www.altvater.de,1
https://www.mazars.de,0
https://www.arqis.com,0
https://www.bdo.de,0
https://www.kieferchirurgie-koenigsallee-duesseldorf.de,0
http://www.maler-guel.de,1
http://www.mkg-chirurgie-stralsund.de,0
https://www.cube-store-kempten.de,1
http://www.friseur-aram.de,0
http://auto1-group.com,1
https://www.modshair-privilege.de,0
http://www.ek-haustechnik.de,1
https://www.jammertal.de,1
http://www.elektro-drews.de,1
https://www.allguth.de,1
https://www.dallmayr.com,1
https://www.casinoroyal.de,1
http://www.mrwash.de,1
https://www.haus-neuland.de,1
http://www.am-schloss-biebrich.de,1
http://www.hardes-gmbh.de,0
https://www.merz.team,1
http://www.pkf-fasselt.de,-99
https://www.karlchens-backstube.de,1
https://www.scheller-auto.de,1
http://www.abc-florist-neuhann.de,1
https://melle.vandervalk.de,1
https://www.taylorwessing.com,1
https://www.tankhof-sauerlach.de,1
http://www.waessa-schuster.de,1
http://www.grunecker.de,0
http://www.fischereihof.de,1
http://www.injoy-schweinfurt.de,1
http://www.finanzamt-oberhausen-nord.de,1
https://www.muth-partner.de,0
http://www.gut-georgenberg.de,1
http://www.p1-club.de,1
http://www.sta-duisburg.nrw.de,0
https://www.zenner.berlin,1
http://www.playhousecasino.de,1
https://www.auto-imperium.de,1
http://www.teehaus-stuttgart.de,1
https://pflanzen-ries.de,-99
http://www.arminia-bielefeld.de,1
http://www.angelangt.de,1
http://www.fahrrad-barten.de,1
https://www.liquidrom-berlin.de,1
http://www.lustiger-hirsch.de,1
https://www.spielbanken-niedersachsen.de,1
http://www.spielplatz-mannheim.de,1
https://www.bsh-energie.de,1
http://www.schoofs-haustechnik.de,1
http://www.herford-elektro.de,1
http://www.malpo.de,1
http://www.elektro-reimer.com,1
https://demaps.top,1
http://www.battenheimerhof.com,1
https://www.mercedes-benz-ulm-schwaebischgmuend.de,0
http://patriot-autos.net,1
http://www.blaue-boje.de,0
http://www.settele-kfz.de,1
http://www.plantbase.berlin,1
http://www.steuerberaterkammer-muenchen.de,1
https://www.bmw-berlin.de,1
http://wunderlandkalkar.eu,1
http://www.ewg-elektro.de,1
http://www.finanzamt-kempten.de,1
https://www.zahnarzt-wiessner.com,0
https://madisonhotel.de,1
https://www.gentilegusto.de,1
http://www.adler-naturfarben.de,0
https://www.chumbos.de,1
http://baytemuer.de,1
https://www.autohaus-royal.de,1
https://ebm-os.de,0
https://www.rioca.eu,1
http://www.evomotiv.de,1
http://www.derma-nuernberg.de,1
https://www.marktkauf-suedwest.de,0
http://www.winklstueberl.de,1
https://www.les-deux-messieurs.de,1
http://cinnamood.de,1
https://www.z-24.de,0
https://ana-hotels.com,1
http://www.blumen-weimer.de,0
https://www.esenwein.de,1
http://www.arndt-urban.de,0
http://www.storm-casinos.com,1
http://www.weingeister.de,1
https://www.yeahstudio.de,1
http://www.maler-rebel.de,1
https://www.schwarzlichtviertel.de,1
http://www.wildwakepark.de,1
https://www.rvb-hassberge.de,0
http://www.ponyhof-waldschaenke.de,-99
https://www.share-now.com,1
http://www.cityhotel-ahlen.de,1
https://irsee.com,1
http://www.finanzamt-immenstadt.de,1
https://www.warnemuender-hof.de,1
http://www.klosterpforte.de,1
https://www.rhoen-park-hotel.de,0
https://www.praxis-am-stadtpark.de,1
https://www.velocultour.de,1
http://www.zahnarztpraxis-kangal.de,0
https://www.pinsentmasons.com,1
http://www.alte-fasanerie-luebars.de,1
https://www.bedenknecht.com,1
http://www.berliner-ausbau.de,1
http://www.malerfischer.com,1
https://www.gut-darss.de,1
http://www.streitboerger.de,0
http://www.daimler-mobility.com,1
http://www.schwabengarten.com,1
http://www.westermann.cc,1
https://www.hotelneumarkt.de,1
http://www.elektro-venn.de,1
https://www.opel-eggert-stralsund.de,-99
http://www.lieblingsblume-rostock.de,1
http://www.zahnzentrum-rostock.de,0
https://www.vapiano.de,1
http://www.dein-glashaus.de,1
https://www.hilker-solar.de,1
http://www.hymer.com,0
http://dieholzkugel.de,1
https://www.hotel-darstein.de,1
https://www.cube-store-ludwigsburg.de,1
http://www.l-t.de,1
http://www.casino-ibiza.de,1
http://www.cafeamneuensee.de,1
http://www.reisemobilland-moenchhagen.de,1
https://studiolinne.de,1
http://www.hirschgarten.de,1
http://www.ekrebs.de,1
http://www.spiekermann-partner.de,0
https://www.loesch-autovermietung.de,1
https://harputrestaurant.de,1
https://locations.thenorthface.de,1
http://www.aproposhaare.de,0
http://www.bklotz.de,1
http://www.schmuecker-hof.de,1
https://www.globetrotter.de,1
https://finanzamt.hessen.de,1
http://www.schnippis-barbershop.de,0
http://www.zillmer-elektrotechnik.de,1
http://www.texaslonghorn.de,1
https://all.accor.com,1
https://www.feser-graf.de,0
http://www.knoepfel-versorgungstechnik.de,0
http://www.autohaus-arnold.de,1
https://autowerkstatt.atu.de,0
http://nockmann-gerstberger.de,1
https://www.sport-ludwig.de,1
http://www.senait.de,0
http://www.praxis-schlauzahn.de,0
https://www.dres-sieber.de,0
http://www.blumenhaus-smedla.de,1
https://www.h-hotels.com,1
http://www.solida-stb.com,1
http://www.rsw-bc.de,0
https://www.zikarsky.de,0
https://www.hotel-allgaeu-garni.de,1
https://www.adac-nordrhein.de,1
https://www.bad-gmbh.de,1
http://www.novum.tv,1
http://www.edeka-paschmann.de,-99
https://tankstellenpartner.eu,1
https://www.spiel-in.de,1
http://www.autenrieth-wehner.de,1
https://www.outletcity.com,1
https://brunos.de,1
http://www.factpartner.de,1
https://www.sieben-koenigslande.de,1
https://www.steuerring.de,1
https://www.maba-gmbh.de,1
http://www.krakow-nachf.de,1
https://book-qres.qr-hotels.com,1
https://www.gkkpartners.de,1
http://www.radwelt-harsefeld.de,1
http://www.maler-haubner.de,1
https://www.till-werner-fotografie.de,1
http://www.landhotel-groenenbach.de,1
http://www.cinecitta.de,0
http://dentalwhite.store,0
http://www.fa-potsdam.brandenburg.de,1
http://www.conticoatings.com,1
https://www.camp4.de,1
http://www.schneiders-jobagentur.de,0
https://www.landgasthof-zur-post.net,1
http://www.porsche-duesseldorf.de,1
https://www.werner-kollegen.com,0
http://www.glattt.com,1
http://www.bluedoorshostel.de,1
http://www.stattbahnhof.de,1
https://www.brentrup.de,1
https://www.audi-zentrum-muenchen-albrechtstrasse.audi,1
http://www.trigema.de,1
https://adventure-bikepark.com,1
https://www.schenke.de,-99
https://www.sport-schuster.de,1
https://www.sarapavo.de,1
http://www.erdbeerhof-aschentrup.de,1
http://www.mainzer-golfclub.de,1
http://www.siebenwelten.de,1
http://www.zahnarztpraxis-fishkin.de,0
http://www.ziereis.blog,1
https://www.alba-cafe.de,1
https://landgasthof-buch.de,1
http://www.jiggerandspoon.de,1
http://www.brueggemann-tga.de,1
http://nevarneyok-stuttgart.de,-99
https://www.finalcutbarbershop.de,0
https://mainzerbarbershop.de,0
https://kliver-stuttgart.de,1
http://rehe.de,1
http://www.blumenparadies.de,1
http://www.deutscheoperberlin.de,0
https://www.dein-marktkauf.de,1
http://www.boulderwelt-muenchen-ost.de,1
https://www.panorama-therme.de,1
https://www.restaurant-sitte.de,1
http://www.hotel-europa.de,1
https://www.zm-z.de,0
http://www.loebke.com,1
http://www.blumenhof-griem.de,1
https://www.peek-cloppenburg.de,0
https://www.agw-elektrotechnik.de,1
https://autohaus-seitz.de,1
https://www.grandhotel-heiligendamm.de,1
http://www.christ-wagenseil.de,1
https://www.feenstra.de,1
https://www.jet.de,1
http://www.stuckensen-ullrich.de,1
https://www.moogpartner.de,0
https://www.apple.com,1
http://www.braeustuben.de,1
http://www.kartbahn-stralsund.de,1
https://www.raiba-ke-oa.de,0
http://zop-essen.de,1
https://www.audalis.de,0
http://zmo-mainz.de,1
http://www.wegra-anlagenbau.de,1
https://cafe.hardrock.com,1
https://www.kki-gmbh.de,1
http://kxkbarbershop.com,0
http://www.guenthner-hls.de,0
http://www.dr-trossbach.de,0
https://www.fp-steuern.de,1
https://goodmorningberlincitywest.com,1
https://www.artemisia.de,1
https://www.leonardo-hotels.de,1
http://www.eibl.de,0
http://www.ulmermuensterhotel.de,1
http://www.gartencenter-rostock.de,1
http://www.sd-automaten.de,-99
https://www.matthies.de,0
http://www.auto-strobel.de,1
https://www.contutum.de,0
http://www.finanzamt-schweinfurt.de,1
http://www.barbierhk.de,0
https://forum-duisburg.klepierre.de,1
https://www.konditorei-heinemann.de,0
http://www.r-m-k.de,0
https://www.ihk.de,1
https://www.mercedes-benz-nuernberg.de,0
https://www.weingut-isler.de,1
https://www.rupprich-wohnwerk.de,1
http://www.alsterperle.com,1
http://www.landhotel-muenster.de,1
https://bz.nuernberg.de,1
http://www.bosch-engineering.de,1
http://www.fachzahnarzt-praxis.de,0
http://www.spk-ro-aib.de,1
http://www.policke.de,1
https://www.nio.com,1
http://www.waffen-albert.de,1
https://www.elektrokleist.de,1
http://www.sulzburghof.de,1
https://www.franz-lohr.de,1
https://weiss-malerwerkstaetten.de,1
http://www.autohaus-axmann.de,1
https://www.stage-entertainment.de,1
https://www.tuev-nord.de,1
https://www.eschenburg-ekk.de,1
http://www.strobel-lamm.de,1
https://lottental.de,1
https://www.mey-hotel.de,0
https://www.wyndhamhotels.com,1
https://www.hackesche-hoefe.de,1
https://www.kuhstallcafe.de,1
http://www.radcentrum.de,1
http://www.hotel-pegnitz.de,1
https://mohr-maler.de,1
https://hamburg-delta.bestdutchonlinecasino.com,-99
http://www.bkk-firmus.de,1
https://www.a2amsee.de,1
http://www.weingut-glaser.com,1
https://dasmauerwerk.com,1
http://www.macao-raunheim.de,1
http://www.360gradhaare.de,0
http://www.wossidlo-buchhandlung.de,1
https://ruscher-noelke.de,0
https://www.gartencenter-schloesser.de,0
https://anwaltrostock.de,1
https://rechtsanwalt-faisst.de,1
https://www.ruby-hotels.com,1
http://www.otto-blumen.de,0
https://www.doorout.com,1
https://www.novacura-zahnaerzte.de,0
https://www.stork-oberflaechentechnik.de,0
http://www.jiz-muenchen.de,0
https://www.elektrobau-sued.de,1
https://www.enzianhuette-rhoen.de,1
https://ammars-barbershop.de,0
https://bikespot-shop.de,1
https://www.kiesow.de,1
https://www.truma.com,1
http://www.ginis-zahnaerzte.de,0
https://www.volk.legal,0
https://anteplioglu.de,1
https://www.loesdau.de,1
http://www.maler-klee.de,1
https://www.koenigsweiss-zahnarzt-muenchen.de,0
https://www.billard-club-wiesbaden-2000.de,1
http://www.fotoimpex.de,1
https://www.droeder-logistik.de,1
http://www.harley-hh.de,0
https://www.famila-nordost.de,1
http://www.gwi-elektrotechnik.de,0
https://julius-brantner.de,0
https://www.zahn33.de,0
https://www.hollenbach24.de,1
http://www.kfo-schweinfurt.de,1
https://www.carls-brauhaus.de,1
https://autohaus-blunck.de,0
http://www.salus-bkk.de,1
https://enthus.de,1
http://www.autohaus-weeber.de,1
http://www.finanzamt-kaiserslautern.de,0
https://www.baron-knyphausen.de,0
http://www.hans-meyer-elektrotechnik.de,1
https://www.autosinger.de,1
https://www.elektro-freitag.de,1
http://www.schluessel-kurth.de,1
https://www.bessmann.de,1
http://www.hotel-fulda-mitte.de,1
https://e-fg.de,1
http://www.rockenstein-sanitaer.de,1
http://www.raststaetten.de,1
http://fischzucht-gerstner.de,1
http://www.soul-barbers.de,0
http://www.lillich.de,0
https://www.wittkoetter.de,1
https://www.antonius.de,1
https://www.sportscheck.com,-99
http://www.dr-meiritz.de,0
https://www.dentalzentrum-essen.de,0
https://eggert-service.bmw,1
http://merkur-spielhalle.de,1
http://www.feines-vom-bauernhof.de,1
http://www.rapha.cc,1
https://littlejohnbikes.de,1
https://www.kinderpluszahnarzt.berlin,0
https://movenpick.accor.com,1
https://house-of-fade.nearcut.de,0
http://www.quarree-dental.de,0
https://www.kebo.de,-99
http://www.sos-handyservice.de,1
https://www.drstarck-darmstadt.de,1
https://www.puls-malerei.de,1
http://www.antik-barber.de,0
http://fight-clubcasino.de,1
https://www.audi-zentrum-osnabrueck.audi,1
https://zahnarzt-in-zuffenhausen.de,0
https://www.sanitaer-rauch.de,1
https://filialen.aldi-sued.de,1
https://www.spk-vorpommern.de,1
http://gaertnerei-wolz.de,1
https://layeno.com,1
https://www.motel-one.com,1
https://www.grossefreiheit36.com,1
http://www.dentalplus.de,0
https://ernst-fress-ohg-sanitaer.weblocator.de,1
https://www.mcdonalds.com,1
http://www.brandt-bikes-rostock.com,1
https://www.starbucks.de,0
http://www.meisterbetrieb-schiller.de,1
https://city-car-autovermietung.de,-99
https://rechtsanwalt-gero-loyens-fachanwalt-fur-strafrecht.business.site,-99
https://www.derwaldgeist.de,1
http://www.kaiserhof-victoria.de,1
http://www.heimkinoraum.de,0
http://www.joesepps-brauhaus.de,1
http://www.blumen-baruch.de,1
https://www.zahninsel.de,0
https://www.schlegelgmbh.de,1
https://www.bohotel.com,1
http://www.spina.de,1
http://www.wolfmaier-haustechnik.de,0
http://www.cityhotel-stuttgart.de,1
http://www.trapp-hls.de,1
http://www.breakeven-bielefeld.de,1
https://www.barrys.com,1
https://www.fritsche-elektro.de,1
https://www.bauer-netz.de,1
http://www.gaumentanz.de,1
https://www.speicherstadt-kaffee.de,1
http://www.sankt-martin.de,1
http://www.dein-alex.de,0
https://www.restauration-kopernikus.de,1
http://mainzstrand.de,1
http://thesevensundays.de,1
http://www.jb-fotografie.de,0
https://home.kpmg,1
https://www.jacques.de,1
http://www.baumschule-igel.de,1
https://www.taunus-auto.de,1
https://www.vanraam.com,1
https://www.cousinsbarber.de,-99
https://www.prof-dhom.de,0
http://www.elektro-phase.de,0
http://www.sero-cut.de,0
https://www.kurhaus-bad-bocklet.de,-99
https://kinderdentist.de,0
https://www.ford-gaul-klamt-badkissingen.de,1
http://www.bad-heizung-profi.de,1
https://www.kkh.de,0
http://www.reipa-elektro.de,1
http://www.oberpollinger.de,1
https://stores.footlocker.de,1
https://carhire.one,1
http://fahrradhandel-heiden.de,1
http://www.bikestation-weiden.de,0
http://www.bergerhof.de,1
http://www.troelsch.de,1
http://www.resnhof.de,1
http://paolopinkel.berlin,1
https://www.elronik.de,1
http://www.jims-rostock.de,1
https://www.zollenspieker-faehrhaus.de,1
https://www.zalando.de,-99
http://www.choclet.info,1
http://www.sta-duesseldorf.nrw.de,0
http://www.moll.de,1
http://www.bauer-lipp.de,1
https://www.psp.eu,0
https://www.steuerberaterkammer-westfalen-lippe.de,0
http://bullerei.com,1
https://luth-sanitaer.de,1
https://heisan-gmbh.de,1
http://www.gr체nerj채ger-os.de,1
https://www.sanartec.de,1
https://x1fit.de,1
http://henkel-reiss.de,1
http://www.moorbadstuben.de,1
http://www.schindelar.de,1
https://sellwerk.de,1
https://www.boesner.com,0
http://www.das-bauerng채rtchen.de,1
http://thesanctuaryberlin.com,1
https://www.veregge-welz.de,-99
http://www.horst-busch.de,0
http://www.dax-sports.com,1
https://www.gladbeck-zahnarzt.de,0
http://www.hehl-palatia.de,1
http://www.dentsandmore.de,0
http://www.dv-floor.de,1
http://www.tanpopo-cafe.de,1
https://ligula.se,1
https://globalsalon.de,1
https://www.befurt.de,0
https://www.opel-franke-weiden.de,0
http://www.curacon.de,1
https://www.teamwerk-esslingen.de,1
https://nicos-friseure.de,0
http://www.sta-muenster.nrw.de,0
http://www.leniger-gmbh.de,1
https://www.winkler-braeu.de,1
https://www.komesker.de,1
http://www.ristorante-valle.de,0
http://www.platow-maler.de,1
http://www.klassikfuerhaare.de,0
https://henkel-bad.de,1
http://www.schulze-beikel.de,1
https://adac-nordbayern.de,0
http://www.schumacher-einhausen.de,1
http://www.klunkerkranich.org,1
http://www.mueller-rethwisch.de,1
http://www.ll-friseure.de,1
https://barbershophairport.business.site,-99
http://www.zausinger.de,1
http://kanzlei-mwh.de,0
https://www.reitsport-manski.de,1
https://www.gaertnerei-haucap.de,0
http://www.rpp.de,0
http://www.tax-manager.de,0
http://www.edeka-tamme.de,1
https://www.contax-muschlin.de,0
http://maschek-automobile.de,1
https://www.weingut-roemmert.de,0
https://speisekartenweb.de,1
http://www.saegmueller.de,1
http://www.pathes-hof.de,1
https://www.kreissparkasse-ravensburg.de,1
http://www.information-services.basf.com,1
https://www.sport-bittl.com,1
http://rehms-gmbh.de,1
http://www.turncable.de,0
http://www.wagnersjuicery.com,1
http://www.spielbank-mainz.de,0
http://www.mammut.com,1
http://www.steng-lauffen.de,1
https://www.drgomolka.de,0
https://www.enistation.de,1
https://gd-friseure.de,1
https://www.gls-sprachenzentrum.de,1
http://www.barberiaquagliata.de,-99
https://www.dr-zenner.de,0
https://hrewards.com,0
http://www.bluetenburg.de,0
https://www.christl-schowalter.de,1
http://www.bansbach-gmbh.de,-99
http://www.berlins-hotel.de,1
http://www.pflanzenundfloristikweth.de,1
http://www.obelink.eu,1
https://www.megabike24.de,1
https://www.86fss.com,1
http://www.exclusivehairbymelanie.com,0
http://www.autohof-lippetal.de,1
http://www.chinaturm.de,1
http://www.staatsanwaltschaft-osnabrueck.niedersachsen.de,1
http://www.nordcoast-coffee.de,1
http://www.binder-partner.de,0
http://www.parkhotel-stuttgart.de,1
http://www.leinemann-partner.de,0
https://motorworld.de,1
https://www.strauchfriseure.de,0
https://www.berner-gmbh.com,1
https://berlin-beta.bestdutchonlinecasino.com,-99
https://www.hotel-newton.de,1
https://www.rebstock-gmbh.de,1
http://www.wo-der-hahn-kraeht.de,1
https://www.patouthebarber.de,0
https://camper-markenwelt.de,1
http://www.spielbank-stuttgart.de,1
https://www.mercedes-benz-trucks-nuernberg.de,0
http://www.umamiramen.de,1
https://cafebeerenland.de,0
http://www.haenfling.de,1
https://www.adac-rheinland-pfalz.de,0
http://www.justiz.bayern.de,1
https://www.philipps-bochum.de,1
https://www.blumenparadies-kral.de,1
https://www.sparkasse-nuernberg.de,0
http://www.dumke-luett.de,1
https://www.bades-gartenwelt.de,1
https://memorie-z.de,1
http://www.can-supermarkt.de,1
http://www.hotel-goldener-karpfen.de,1
https://www.styles-hotel-frankfurt.de,1
http://www.factory-buffet.de,1
http://www.pankratiushof.de,1
http://bechert-haustechnik.de,1
https://089-bar.de,1
http://www.schleusenkrug.de,1
http://www.bienemann.nrw,1
https://www.euramobil.de,1
http://www.eselsmuehle.com,1
http://www.zf.com,1
https://www.paracelsus-therme.de,1
http://linklaters.de,1
https://www.factoryhotel-muenster.de,0
http://www.hotel-busche.de,1
http://michelbergerhotel.com,1
http://www.boulderhalle-e4.de,1
https://new.siemens.com,1
http://www.kfo-stuttgart.com,1
https://mens-place-barbier.mytreatwell.de,0
https://www.themansmane-barbershop.de,0
http://www.cphcoffeelab.com,1
http://www.elektro-koppen.com,1
https://www.hagisbarbershop.de,0
https://www.atzert-weber.de,1
http://www.barbershop-sauer.de,0
http://www.oppenlaender.de,0
https://www.dak.de,1
https://www.grantthornton.de,1
https://www.gartencenter-kemper.de,1
http://www.shakespeareandsons.com,1
https://www.hochzeitsrausch.com,0
https://www.kfo-lauf.de,1
http://www.schalttechnik.com,1
http://www.eas-rostock.de,1
http://hof-leutenecker.de,1
https://www.gp-recht.de,0
http://www.koch-malermeister.de,1
http://www.momo-ramen.de,1
http://www.kpelektrotechnik.de,1
https://www.orthopoint.de,1
https://hagelauer.de,1
https://www.wohntrends-lu.de,1
https://www.caza-cut.de,0
http://www.hotel-am-hechenberg.de,0
http://www.wuehli.biz,1
https://www.my-mauritius.com,1
http://www.lufthansa-seeheim.de,0
https://www.rhoen-kaelte.de,1
http://www.cafe-glueck-fulda.de,1
http://www.scheidung-rostock.de,0
https://thaipark.de,1
http://www.forellenhof-roessle.de,1
https://www.pflanzen-koelle.de,0
http://www.tannenhof-oberweilbach.de,-99
https://www.thiel-gruppe.de,1
https://www.cube-store-rostock.de,-99
https://www.peter-goetz-gmbh.de,1
https://www.zahnarzt-reckziegel.de,0
https://www.gvw.com,0
https://sonnenkeller.de,0
http://brhhh.com,1
https://www.riller-schnauck.de,1
http://www.blumen-dahlmann.de,1
http://www.gaertnereischlueter.de,1
http://www.ostseebowling.de,1
http://mein-haus-am-see.com,1
https://www.hofbraeuhaus.de,1
https://zahnarzt-toeroek-thumm.de,0
http://www.gea.com,-99
http://www.cube-store-stuttgart-ost.de,1
http://www.epi-gmbh.de,1
http://www.hotel-handelshof-buende.de,1
https://buo.de,1
http://www.mindsquare.de,1
http://www.sns-partner.de,0
https://www.aulinger.eu,0
https://konzept-weiss-muenchen.de,1
http://ginza-matsunaga.com,1
https://haarhelden.com,0
https://www.hotel-zur-bever.de,1
http://www.schmitt-hoff.de,0
http://www.drhamann.de,0
https://www.cube-store-rhoen.de,1
https://www.conrad-elektro.de,1
https://boc24.de,1
http://www.mainzer-anwalt.de,0
https://www.kerstingjohaenner.de,1
http://www.kutter-pflanzen.de,0
http://www.elektroahrens.de,1
http://www.yara.de,1
https://www.kija-bau.de,1
https://www.baumstark-haustechnik.de,1
http://kuhn-elektro.de,-99
http://www.haustechnik-lotter.de,1
https://www.hotel-luise-mannheim.de,1
http://www.rampendahl.de,1
http://www.rueckertheizung.de,0
http://www.rostock2.shbb.de,1
https://www.berlin.de,1
http://www.maldaner1859.de,1
http://loewen-ulm.com,0
http://www.optitherm.de,1
http://www.blume2000.de,0
https://www.bmw-dortmund.de,1
https://starsbarbier.de,0
https://www.fasshalle-ke.de,1
http://www.westfalen-tankstellen.de,1
https://www.laserone.de,1
http://www.cutbusser.com,0
https://www.lefers.de,0
https://www.seag-gmbh.de,1
http://www.sparkasse-sw-has.de,1
https://malerpit.de,1
https://www.instagram.com,1
http://brotique.bio,1
http://albatrossberlin.com,1
https://www.emotion-technologies.de,0
http://www.zahnklinik-ost.de,0
http://www.zahnfee-norderstedt.de,0
https://www.gc-gruppe.de,0
http://www.etz-bayern.de,1
http://www.ermstalfischerei.de,1
http://hotel-wiesbaden.dorint.com,1
http://www.dr-beckstein.de,0
https://www.fahrrad.de,1
http://www.riewesell.de,1
http://www.finanzamt-kaufbeuren.de,1
http://www.divino-wein.de,1
http://www.roomers-hotels.com,0
https://www.cutaleya-hairsalon.de,0
http://www.mahlerundboehm.de,0
https://www.bandel-online.de,1
http://www.elektroanlagen-herz.de,1
https://www.hugendubel.de,0
http://www.medeco.de,0
http://www.gutschoenau.de,1
https://www.mercedes-benz-muenchen.de,0
http://www.aestheticskin.de,1
https://www.edeka-warnowpark.de,1
https://www.hausamwaldeltmann.de,1
http://www.malerinnung-muenchen.de,1
http://www.freisleben-moehle.de,-99
http://www.hotel-therme-teinach.de,1
https://www.vvrbank-krp.de,0
http://www.gns.de,1
https://leo-barber-hair-salon.business.site,-99
https://ahmet-yitik.de,0
http://www.b-braunger.de,1
http://www.aydinbaeckerei.de,1
http://www.papperts.de,1
https://www.backstage.info,1
https://www.alma-park.de,1
http://www.albert-zweiradcenter.de,1
https://www.diemalbucht.de,1
https://www.notebooksbilliger.de,1
http://www.trane.de,1
https://saparena.de,1
https://www.steuerportal-mv.de,1
http://www.puro-munich.com,0
http://www.kanzlei-geimke.de,0
https://www.sparkasse-dortmund.de,0
http://stahl-bau.info,1
https://www.munich-urban-colab.de,1
https://siemens.de,1
https://www.barberie.de,0
http://www.mohnblume-weissenhorn.de,1
https://www.boulderwelt-dortmund.de,1
http://www.uptmoorbuch.de,1
https://www.alldent-zahnzentrum-stuttgart.de,0
http://www.zahnaerzte-am-centro.de,0
https://fahrrad-floth.de,1
https://www.friedmann-gmbh.de,1
https://www.jp-performance.de,1
http://www.hoegers.de,1
http://www.porsche-wuerzburg.de,1
