id,url,country,ecommerce,sm_fb,sm_linkedin,sm_x,sm_insta,sm_tiktok,sm_yt
0,https://www.dak.de,DE,0,0,0,0,0,0,0
1,http://www.malpo.de,DE,0,0,0,0,0,0,0
2,https://www.mercedes-benz-trucks-nuernberg.de,DE,0,0,0,0,0,0,0
3,https://www.nio.com,DE,0,0,0,0,0,0,0
4,https://www.velocultour.de,DE,0,0,0,0,0,0,0
6,https://konzept-weiss.de,DE,0,0,0,0,0,0,0
8,http://www.berlins-hotel.de,DE,0,0,0,0,0,0,0
9,http://gaertnerei-wolz.de,DE,0,0,0,0,0,0,0
10,https://www.restaurant-sitte.de,DE,0,0,0,0,0,0,0
11,https://www.konditorei-heinemann.de,DE,0,0,0,0,0,0,0
12,https://www.landbierparadies.com,DE,0,0,0,0,0,0,0
13,http://www.hotel-goldener-karpfen.de,DE,0,0,0,0,0,0,0
14,http://www.schulze-beikel.de,DE,0,0,0,0,0,0,0
15,https://www.hertz.de,DE,0,0,0,0,0,0,0
16,https://www.filderland.de,DE,0,0,0,0,0,0,0
17,https://roadsurfer.com,DE,0,0,0,0,0,0,0
18,http://www.waffen-albert.de,DE,0,0,0,0,0,0,0
19,https://www.paracelsus-therme.de,DE,0,0,0,0,0,0,0
21,http://wassermann-heidelbeeren.de,DE,0,0,0,0,0,0,0
22,https://www.enzianhuette-rhoen.de,DE,0,0,0,0,0,0,0
23,https://www.hofbraeuhaus.de,DE,0,0,0,0,0,0,0
24,https://www.restauration-kopernikus.de,DE,0,0,0,0,0,0,0
25,http://www.ek-haustechnik.de,DE,0,0,0,0,0,0,0
26,https://www.starbucks.de,DE,0,0,0,0,0,0,0
27,http://www.gutschoenau.de,DE,0,0,0,0,0,0,0
28,https://www.agw-elektrotechnik.de,DE,0,0,0,0,0,0,0
29,https://www.brentrup.de,DE,0,0,0,0,0,0,0
30,https://henkel-bad.de,DE,0,0,0,0,0,0,0
31,http://www.troelsch.de,DE,0,0,0,0,0,0,0
32,https://dodel-floristik.de,DE,0,0,0,0,0,0,0
33,http://www.bluedoorshostel.de,DE,0,0,0,0,0,0,0
34,https://x1fit.de,DE,0,0,0,0,0,0,0
35,https://www.prof-dhom.de,DE,0,0,0,0,0,0,0
36,https://www.hotel-esperanto.de,DE,0,0,0,0,0,0,0
37,http://www.teehaus-stuttgart.de,DE,0,0,0,0,0,0,0
38,https://www.volk.legal,DE,0,0,0,0,0,0,0
39,http://www.movinground-freizeitpark.de,DE,0,0,0,0,0,0,0
40,http://www.policke.de,DE,0,0,0,0,0,0,0
41,https://kliver-stuttgart.de,DE,0,0,0,0,0,0,0
42,https://zahnarzt-in-zuffenhausen.de,DE,0,0,0,0,0,0,0
43,https://www.factoryhotel-muenster.de,DE,0,0,0,0,0,0,0
44,https://www.baumstark-haustechnik.de,DE,0,0,0,0,0,0,0
45,https://www.auto-imperium.de,DE,0,0,0,0,0,0,0
46,https://www.bäcker-schill.de,DE,0,0,0,0,0,0,0
47,https://barbierchampion.business.site,DE,0,0,0,0,0,0,0
48,http://www.aestheticskin.de,DE,0,0,0,0,0,0,0
49,http://www.finanzamt-freising.de,DE,0,0,0,0,0,0,0
50,https://www.karlchens-backstube.de,DE,0,0,0,0,0,0,0
51,https://facebook.com,DE,0,0,0,0,0,0,0
52,https://motorworld.de,DE,0,0,0,0,0,0,0
53,http://www.sd-automaten.de,DE,0,0,0,0,0,0,0
54,http://www.ponyhof-waldschaenke.de,DE,0,0,0,0,0,0,0
56,https://www.mvzmedeco.berlin,DE,0,0,0,0,0,0,0
57,https://www.fasshalle-ke.de,DE,0,0,0,0,0,0,0
58,http://www.landhotel-groenenbach.de,DE,0,0,0,0,0,0,0
59,https://www.praxis-am-stadtpark.de,DE,0,0,0,0,0,0,0
60,https://www.opel-eggert-stralsund.de,DE,0,0,0,0,0,0,0
61,https://hamburg-delta.bestdutchonlinecasino.com,DE,0,0,0,0,0,0,0
62,https://www.sanitaer-rauch.de,DE,0,0,0,0,0,0,0
63,https://www.haspa.de,DE,0,0,0,0,0,0,0
64,http://www.rockenstein-sanitaer.de,DE,0,0,0,0,0,0,0
66,https://www.famila-nordost.de,DE,0,0,0,0,0,0,0
67,http://www.jacks-barber-shop.de,DE,0,0,0,0,0,0,0
68,http://www.schwabengarten.com,DE,0,0,0,0,0,0,0
69,https://www.fahrrad.de,DE,0,0,0,0,0,0,0
70,https://www.les-deux-messieurs.de,DE,0,0,0,0,0,0,0
71,https://city-car-autovermietung.de,DE,0,0,0,0,0,0,0
72,http://hof-leutenecker.de,DE,0,0,0,0,0,0,0
73,https://www.gls-sprachenzentrum.de,DE,0,0,0,0,0,0,0
74,http://www.hotel-busche.de,DE,0,0,0,0,0,0,0
75,http://www.hoegers.de,DE,0,0,0,0,0,0,0
76,https://kliniken.medicalpark.de,DE,0,0,0,0,0,0,0
77,https://www.motel-one.com,DE,0,0,0,0,0,0,0
78,http://www.evomotiv.de,DE,0,0,0,0,0,0,0
79,http://www.staatsanwaltschaft-osnabrueck.niedersachsen.de,DE,0,0,0,0,0,0,0
80,https://www.kreissparkasse-ravensburg.de,DE,0,0,0,0,0,0,0
81,https://www.fp-steuern.de,DE,0,0,0,0,0,0,0
82,http://www.ostseebowling.de,DE,0,0,0,0,0,0,0
83,http://www.rueckertheizung.de,DE,0,0,0,0,0,0,0
84,https://www.tuev-hessen.de,DE,0,0,0,0,0,0,0
85,https://www.emotion-technologies.de,DE,0,0,0,0,0,0,0
86,https://www.handwerk20.de,DE,0,0,0,0,0,0,0
87,http://www.das-bauerngärtchen.de,DE,0,0,0,0,0,0,0
88,https://www.rae-lingnau.de,DE,0,0,0,0,0,0,0
89,http://www.rae-herzog-partner.de,DE,0,0,0,0,0,0,0
90,https://www.bsh-energie.de,DE,0,0,0,0,0,0,0
91,http://www.ristorante-valle.de,DE,0,0,0,0,0,0,0
92,http://www.leniger-gmbh.de,DE,0,0,0,0,0,0,0
93,http://www.mohnblume-weissenhorn.de,DE,0,0,0,0,0,0,0
94,https://www.schoenheitsrausch.de,DE,0,0,0,0,0,0,0
95,http://www.dv-floor.de,DE,0,0,0,0,0,0,0
96,http://www.ztk-zahngesundheit.de,DE,0,0,0,0,0,0,0
97,https://www.audi-zentrum-osnabrueck.audi,DE,0,0,0,0,0,0,0
98,http://www.sns-partner.de,DE,0,0,0,0,0,0,0
99,http://www.fahrrad-harder.de,DE,0,0,0,0,0,0,0
100,http://www.tsp-law.com,DE,0,0,0,0,0,0,0
101,http://www.stattbahnhof.de,DE,0,0,0,0,0,0,0
102,https://www.koenigsweiss-zahnarzt-muenchen.de,DE,0,0,0,0,0,0,0
103,https://www.kunsthallerostock.de,DE,0,0,0,0,0,0,0
104,https://www.bades-gartenwelt.de,DE,0,0,0,0,0,0,0
105,https://www.feser-graf.de,DE,0,0,0,0,0,0,0
106,http://www.stirnweiss-brenner.de,DE,0,0,0,0,0,0,0
107,http://www.adler-naturfarben.de,DE,0,0,0,0,0,0,0
108,http://www.tanpopo-cafe.de,DE,0,0,0,0,0,0,0
109,https://www.schwarzlichtviertel.de,DE,0,0,0,0,0,0,0
110,https://www.celsior-refrigeration.com,DE,0,0,0,0,0,0,0
111,https://www.weitkamp.de,DE,0,0,0,0,0,0,0
112,https://www.patouthebarber.de,DE,0,0,0,0,0,0,0
113,http://www.barberiaquagliata.de,DE,0,0,0,0,0,0,0
114,https://www.loesdau.de,DE,0,0,0,0,0,0,0
115,http://www.knoepfel-versorgungstechnik.de,DE,0,0,0,0,0,0,0
116,https://www.globus-baumarkt.de,DE,0,0,0,0,0,0,0
117,http://www.becker-tiemann.de,DE,0,0,0,0,0,0,0
118,http://www.freisleben-moehle.de,DE,0,0,0,0,0,0,0
119,http://www.finanzamt-kempten.de,DE,0,0,0,0,0,0,0
120,https://www.steuerring.de,DE,0,0,0,0,0,0,0
121,https://www.alldent-zahnzentrum-stuttgart.de,DE,0,0,0,0,0,0,0
122,http://www.spkulm.de,DE,0,0,0,0,0,0,0
123,https://www.edeka.de,DE,0,0,0,0,0,0,0
124,http://www.storm-casinos.com,DE,0,0,0,0,0,0,0
125,https://www.wittkoetter.de,DE,0,0,0,0,0,0,0
126,https://www.yeahstudio.de,DE,0,0,0,0,0,0,0
127,https://www.sportscheck.com,DE,0,0,0,0,0,0,0
128,https://www.rebstock-gmbh.de,DE,0,0,0,0,0,0,0
129,https://www.hamburg.de,DE,0,0,0,0,0,0,0
130,http://www.maldaner1859.de,DE,0,0,0,0,0,0,0
131,http://www.kanzlei-geimke.de,DE,0,0,0,0,0,0,0
132,https://www.lidl.de,DE,0,0,0,0,0,0,0
133,https://www.merz.team,DE,0,0,0,0,0,0,0
134,http://albatrossberlin.com,DE,0,0,0,0,0,0,0
135,http://www.saegmueller.de,DE,0,0,0,0,0,0,0
136,http://www.gut-georgenberg.de,DE,0,0,0,0,0,0,0
137,http://www.guenthner-hls.de,DE,0,0,0,0,0,0,0
138,https://www.herbrand.de,DE,0,0,0,0,0,0,0
139,http://www.mrwash.de,DE,0,0,0,0,0,0,0
140,https://www.edeka-warnowpark.de,DE,0,0,0,0,0,0,0
141,http://www.locher-haustechnik.de,DE,0,0,0,0,0,0,0
142,https://www.marktkauf-suedwest.de,DE,0,0,0,0,0,0,0
143,https://www.dziolko-taxlaw.com,DE,0,0,0,0,0,0,0
144,http://www.johanneshof.de,DE,0,0,0,0,0,0,0
145,https://www.peter-goetz-gmbh.de,DE,0,0,0,0,0,0,0
146,https://www.scherer-gruppe.de,DE,0,0,0,0,0,0,0
147,http://www.roomers-hotels.com,DE,0,0,0,0,0,0,0
148,https://www.mercedes-benz-muenchen.de,DE,0,0,0,0,0,0,0
149,https://www.mercedes-benz-nuernberg.de,DE,0,0,0,0,0,0,0
150,https://www.rabe-bike.de,DE,0,0,0,0,0,0,0
151,http://www.jims-rostock.de,DE,0,0,0,0,0,0,0
152,https://www.carls-brauhaus.de,DE,0,0,0,0,0,0,0
153,http://www.zahnarztpraxis-kangal.de,DE,0,0,0,0,0,0,0
154,http://www.herford-elektro.de,DE,0,0,0,0,0,0,0
155,http://www.baumschule-igel.de,DE,0,0,0,0,0,0,0
156,http://www.pos-nuernberg.de,DE,0,0,0,0,0,0,0
157,http://www.cafeamneuensee.de,DE,0,0,0,0,0,0,0
158,https://www.sarapavo.de,DE,0,0,0,0,0,0,0
159,http://linklaters.de,DE,0,0,0,0,0,0,0
160,http://www.concorde-muenchen.de,DE,0,0,0,0,0,0,0
161,https://www.sixt.de,DE,0,0,0,0,0,0,0
162,http://www.etz-bayern.de,DE,0,0,0,0,0,0,0
163,https://www.atzert-weber.de,DE,0,0,0,0,0,0,0
164,http://www.praxis-schlauzahn.de,DE,0,0,0,0,0,0,0
165,http://www.raststaetten.de,DE,0,0,0,0,0,0,0
166,http://www.rueba.de,DE,0,0,0,0,0,0,0
167,https://dasmauerwerk.com,DE,0,0,0,0,0,0,0
168,http://henkel-reiss.de,DE,0,0,0,0,0,0,0
169,http://www.radcentrum.de,DE,0,0,0,0,0,0,0
170,http://michelbergerhotel.com,DE,0,0,0,0,0,0,0
171,http://www.loebke.com,DE,0,0,0,0,0,0,0
172,https://www.laserone.de,DE,0,0,0,0,0,0,0
173,http://www.injoy-schweinfurt.de,DE,0,0,0,0,0,0,0
174,http://bmw-zeisler.de,DE,0,0,0,0,0,0,0
175,https://www.c-and-a.com,DE,0,0,0,0,0,0,0
176,https://e-fg.de,DE,0,0,0,0,0,0,0
177,https://www.hausamwaldeltmann.de,DE,0,0,0,0,0,0,0
178,https://www.cube-store-kempten.de,DE,0,0,0,0,0,0,0
179,http://www.rsw-bc.de,DE,0,0,0,0,0,0,0
180,https://www.kurhaus-bad-bocklet.de,DE,0,0,0,0,0,0,0
181,https://adac-nordbayern.de,DE,0,0,0,0,0,0,0
182,http://mein-haus-am-see.com,DE,0,0,0,0,0,0,0
183,http://paolopinkel.berlin,DE,0,0,0,0,0,0,0
184,http://www.edeka-paschmann.de,DE,0,0,0,0,0,0,0
185,https://www.hochzeitsrausch.com,DE,0,0,0,0,0,0,0
186,https://www.raiba-ke-oa.de,DE,0,0,0,0,0,0,0
187,https://www.zahnarzt-reckziegel.de,DE,0,0,0,0,0,0,0
188,https://fahrrad-jordan.business.site,DE,0,0,0,0,0,0,0
189,https://pflanzen-ries.de,DE,0,0,0,0,0,0,0
190,https://www.seag-gmbh.de,DE,0,0,0,0,0,0,0
191,http://www.zausinger.de,DE,0,0,0,0,0,0,0
192,http://www.bikestation-weiden.de,DE,0,0,0,0,0,0,0
193,http://www.schulauer-faehrhaus.de,DE,0,0,0,0,0,0,0
194,https://www.wohntrends-lu.de,DE,0,0,0,0,0,0,0
195,http://www.gaertnereischlueter.de,DE,0,0,0,0,0,0,0
196,https://www.luffy-pancake.com,DE,0,0,0,0,0,0,0
197,http://www.eas-rostock.de,DE,0,0,0,0,0,0,0
198,http://www.cityhotel-stuttgart.de,DE,0,0,0,0,0,0,0
199,https://locations.thenorthface.de,DE,0,0,0,0,0,0,0
201,http://www.rowerk18.de,DE,0,0,0,0,0,0,0
202,https://www.antonius.de,DE,0,0,0,0,0,0,0
203,https://www.komesker.de,DE,0,0,0,0,0,0,0
204,http://www.dr-trossbach.de,DE,0,0,0,0,0,0,0
205,http://www.divino-wein.de,DE,0,0,0,0,0,0,0
206,http://www.krakow-nachf.de,DE,0,0,0,0,0,0,0
207,https://www.zollenspieker-faehrhaus.de,DE,0,0,0,0,0,0,0
208,https://www.arqis.com,DE,0,0,0,0,0,0,0
209,https://www.vanraam.com,DE,0,0,0,0,0,0,0
210,http://www.blumen-weimer.de,DE,0,0,0,0,0,0,0
211,http://www.spielbank-mainz.de,DE,0,0,0,0,0,0,0
212,https://www.drgomolka.de,DE,0,0,0,0,0,0,0
213,https://www.weingut-roemmert.de,DE,0,0,0,0,0,0,0
214,https://www.steuerportal-mv.de,DE,0,0,0,0,0,0,0
215,http://www.zollpackhof.de,DE,0,0,0,0,0,0,0
216,http://www.kartbahn-stralsund.de,DE,0,0,0,0,0,0,0
217,https://www.audalis.de,DE,0,0,0,0,0,0,0
218,https://www.my-mauritius.com,DE,0,0,0,0,0,0,0
219,http://brhhh.com,DE,0,0,0,0,0,0,0
220,https://www.rad-race.com,DE,0,0,0,0,0,0,0
221,https://www.pinsentmasons.com,DE,0,0,0,0,0,0,0
222,https://saparena.de,DE,0,0,0,0,0,0,0
223,https://www.adac.de,DE,0,0,0,0,0,0,0
224,http://www.bkk-firmus.de,DE,0,0,0,0,0,0,0
225,https://www.gkkpartners.de,DE,0,0,0,0,0,0,0
226,http://www.weingut-glaser.com,DE,0,0,0,0,0,0,0
227,https://www.jet.de,DE,0,0,0,0,0,0,0
228,https://www.cutaleya-hairsalon.de,DE,0,0,0,0,0,0,0
229,http://www.dr-beckstein.de,DE,0,0,0,0,0,0,0
230,https://konzept-weiss-muenchen.de,DE,0,0,0,0,0,0,0
231,https://www.landgasthof-zur-post.net,DE,0,0,0,0,0,0,0
233,https://www.muth-partner.de,DE,0,0,0,0,0,0,0
234,http://hairjordan.de,DE,0,0,0,0,0,0,0
235,https://book-qres.qr-hotels.com,DE,0,0,0,0,0,0,0
236,https://www.boesner.com,DE,0,0,0,0,0,0,0
237,https://www.gp-recht.de,DE,0,0,0,0,0,0,0
238,https://www.dr-zenner.de,DE,0,0,0,0,0,0,0
240,https://www.bollants.de,DE,0,0,0,0,0,0,0
241,http://www.salus-bkk.de,DE,0,0,0,0,0,0,0
242,http://www.rhoen-rennsteig-sparkasse.de,DE,0,0,0,0,0,0,0
243,http://www.klosterpforte.de,DE,0,0,0,0,0,0,0
244,http://www.isolier-wendt.de,DE,0,0,0,0,0,0,0
245,http://www.maler-klee.de,DE,0,0,0,0,0,0,0
246,https://justiz.hamburg.de,DE,0,0,0,0,0,0,0
247,http://www.oberpollinger.de,DE,0,0,0,0,0,0,0
248,http://www.grub-brugger.de,DE,0,0,0,0,0,0,0
249,http://www.jiz-muenchen.de,DE,0,0,0,0,0,0,0
250,http://www.cube-store-stuttgart-ost.de,DE,0,0,0,0,0,0,0
251,http://www.autohaus-axmann.de,DE,0,0,0,0,0,0,0
252,http://www.alter-fritz.de,DE,0,0,0,0,0,0,0
253,https://adventure-bikepark.com,DE,0,0,0,0,0,0,0
254,http://www.elektroahrens.de,DE,0,0,0,0,0,0,0
255,http://www.waessa-schuster.de,DE,0,0,0,0,0,0,0
256,https://www.burg-stettenfels.de,DE,0,0,0,0,0,0,0
257,http://brotique.bio,DE,0,0,0,0,0,0,0
258,https://www.jp-performance.de,DE,0,0,0,0,0,0,0
259,http://rehms-gmbh.de,DE,0,0,0,0,0,0,0
260,https://beck-pollitzer.com,DE,0,0,0,0,0,0,0
261,http://www.maler-enders.de,DE,0,0,0,0,0,0,0
262,http://www.hotel-fulda-mitte.de,DE,0,0,0,0,0,0,0
263,https://www.baron-knyphausen.de,DE,0,0,0,0,0,0,0
264,https://ruscher-noelke.de,DE,0,0,0,0,0,0,0
265,https://www.mercedes-benz-darmstadt.de,DE,0,0,0,0,0,0,0
266,http://www.yara.de,DE,0,0,0,0,0,0,0
267,http://www.fotoimpex.de,DE,0,0,0,0,0,0,0
268,http://www.pkf-wms.de,DE,0,0,0,0,0,0,0
269,http://www.netto.de,DE,0,0,0,0,0,0,0
270,http://www.burg-rabenstein.de,DE,0,0,0,0,0,0,0
271,https://home.kpmg,DE,0,0,0,0,0,0,0
273,https://www.baeckergoertz.de,DE,0,0,0,0,0,0,0
274,http://www.dritan-alsela.de,DE,0,0,0,0,0,0,0
275,http://www.parkhotel-stuttgart.de,DE,0,0,0,0,0,0,0
276,https://www.alma-park.de,DE,0,0,0,0,0,0,0
277,https://kinderdentist.de,DE,0,0,0,0,0,0,0
278,https://www.bmw-dortmund.de,DE,0,0,0,0,0,0,0
279,https://www.peek-cloppenburg.de,DE,0,0,0,0,0,0,0
280,https://weiss-malerwerkstaetten.de,DE,0,0,0,0,0,0,0
281,https://www.veregge-welz.de,DE,0,0,0,0,0,0,0
282,http://nevarneyok-stuttgart.de,DE,0,0,0,0,0,0,0
283,http://www.brueggemann-tga.de,DE,0,0,0,0,0,0,0
284,https://www.globetrotter.de,DE,0,0,0,0,0,0,0
285,http://www.blumenhaus-smedla.de,DE,0,0,0,0,0,0,0
286,https://www.riller-schnauck.de,DE,0,0,0,0,0,0,0
287,https://yotiy.com,DE,0,0,0,0,0,0,0
288,https://rosis-autohof.de,DE,0,0,0,0,0,0,0
289,https://www.gottfried-schultz.de,DE,0,0,0,0,0,0,0
290,http://www.playhousecasino.de,DE,0,0,0,0,0,0,0
291,http://maschek-automobile.de,DE,0,0,0,0,0,0,0
292,http://www.trigema.de,DE,0,0,0,0,0,0,0
293,https://www.speicherstadt-kaffee.de,DE,0,0,0,0,0,0,0
294,https://www.bar-centrale.com,DE,0,0,0,0,0,0,0
296,https://mehler-systems.com,DE,0,0,0,0,0,0,0
297,https://globalsalon.de,DE,0,0,0,0,0,0,0
298,http://casino-duisburg.de,DE,0,0,0,0,0,0,0
299,https://www.kfo-lauf.de,DE,0,0,0,0,0,0,0
300,http://www.novum.tv,DE,0,0,0,0,0,0,0
301,http://www.wossidlo-buchhandlung.de,DE,0,0,0,0,0,0,0
302,https://www.hotel-luise-mannheim.de,DE,0,0,0,0,0,0,0
304,https://www.gut-darss.de,DE,0,0,0,0,0,0,0
305,https://cafe.hardrock.com,DE,0,0,0,0,0,0,0
306,https://www.bessmann.de,DE,0,0,0,0,0,0,0
307,https://www.mey-hotel.de,DE,0,0,0,0,0,0,0
309,http://www.roedl.de,DE,0,0,0,0,0,0,0
310,https://www.hagisbarbershop.de,DE,0,0,0,0,0,0,0
311,http://www.scheidung-rostock.de,DE,0,0,0,0,0,0,0
312,http://www.resnhof.de,DE,0,0,0,0,0,0,0
313,https://www.dres-sieber.de,DE,0,0,0,0,0,0,0
314,http://www.casino-eightball.de,DE,0,0,0,0,0,0,0
315,http://www.reipa-elektro.de,DE,0,0,0,0,0,0,0
316,https://www.tankhof-sauerlach.de,DE,0,0,0,0,0,0,0
317,http://www.fahrstil-radladen.de,DE,0,0,0,0,0,0,0
318,http://www.turncable.de,DE,0,0,0,0,0,0,0
319,https://www.oralchirurgie.com,DE,0,0,0,0,0,0,0
320,http://www.alsterperle.com,DE,0,0,0,0,0,0,0
321,http://mainzstrand.de,DE,0,0,0,0,0,0,0
322,https://www.gum-and-fun.info,DE,0,0,0,0,0,0,0
323,http://www.uptmoorbuch.de,DE,0,0,0,0,0,0,0
324,https://zahnarztpraxiskuenzell.de,DE,0,0,0,0,0,0,0
325,http://www.zahnklinik-ost.de,DE,0,0,0,0,0,0,0
326,http://www.boetz.de,DE,0,0,0,0,0,0,0
327,http://www.schumacher-einhausen.de,DE,0,0,0,0,0,0,0
328,http://www.jiggerandspoon.de,DE,0,0,0,0,0,0,0
329,https://ad.doubleclick.net,DE,0,0,0,0,0,0,0
330,http://wunderlandkalkar.eu,DE,0,0,0,0,0,0,0
331,https://www.rhoen-kaelte.de,DE,0,0,0,0,0,0,0
332,http://www.mkg-chirurgie-stralsund.de,DE,0,0,0,0,0,0,0
333,http://www.elektro-venn.de,DE,0,0,0,0,0,0,0
335,http://www.kaiserhof-victoria.de,DE,0,0,0,0,0,0,0
336,https://www.hollenbach24.de,DE,0,0,0,0,0,0,0
337,https://irsee.com,DE,0,0,0,0,0,0,0
338,http://www.friseurlounge-selin.de,DE,0,0,0,0,0,0,0
339,https://gladbeck.vandervalk.de,DE,0,0,0,0,0,0,0
340,http://www.baeckereikohler.de,DE,0,0,0,0,0,0,0
341,http://www.cafeeinstein.de,DE,0,0,0,0,0,0,0
342,https://zeb-consulting.com,DE,0,0,0,0,0,0,0
343,http://www.blumen-dahlmann.de,DE,0,0,0,0,0,0,0
344,http://www.elektro-koppen.com,DE,0,0,0,0,0,0,0
345,https://stores.footlocker.de,DE,0,0,0,0,0,0,0
346,https://www.dallmayr.com,DE,0,0,0,0,0,0,0
347,https://camper-markenwelt.de,DE,0,0,0,0,0,0,0
348,http://baytemuer.de,DE,0,0,0,0,0,0,0
349,https://gebr-wachs.de,DE,0,0,0,0,0,0,0
350,http://www.sero-cut.de,DE,0,0,0,0,0,0,0
351,https://mainz.bestdutchonlinecasino.com,DE,0,0,0,0,0,0,0
352,https://www.artemisia.de,DE,0,0,0,0,0,0,0
353,http://www.hehl-palatia.de,DE,0,0,0,0,0,0,0
354,https://www.kamb.de,DE,0,0,0,0,0,0,0
355,http://www.davidfitness.de,DE,0,0,0,0,0,0,0
356,http://www.streitboerger.de,DE,0,0,0,0,0,0,0
357,https://www.es-kanzlei.de,DE,0,0,0,0,0,0,0
358,http://www.riewesell.de,DE,0,0,0,0,0,0,0
359,http://www.factpartner.de,DE,0,0,0,0,0,0,0
360,https://ebm-os.de,DE,0,0,0,0,0,0,0
361,http://bechert-haustechnik.de,DE,0,0,0,0,0,0,0
362,https://www.camp4.de,DE,0,0,0,0,0,0,0
363,http://www.klunkerkranich.org,DE,0,0,0,0,0,0,0
364,https://tankstellenpartner.eu,DE,0,0,0,0,0,0,0
365,http://www.zahnaerzte-am-centro.de,DE,0,0,0,0,0,0,0
366,https://cube-store.nanobike.de,DE,0,0,0,0,0,0,0
367,http://www.boulderhalle-e4.de,DE,0,0,0,0,0,0,0
368,http://www.kpelektrotechnik.de,DE,0,0,0,0,0,0,0
369,https://www.apple.com,DE,0,0,0,0,0,0,0
370,https://www.aok.de,DE,0,0,0,0,0,0,0
372,https://gd-friseure.de,DE,0,0,0,0,0,0,0
373,https://www.reitsport-manski.de,DE,0,0,0,0,0,0,0
374,https://www.mundwerk-hamburg.de,DE,0,0,0,0,0,0,0
376,http://www.tax-manager.de,DE,0,0,0,0,0,0,0
377,http://www.elektro-reimer.com,DE,0,0,0,0,0,0,0
378,http://www.reisemobilland-moenchhagen.de,DE,0,0,0,0,0,0,0
379,http://www.gartencenter-rostock.de,DE,0,0,0,0,0,0,0
380,https://www.brochier-gruppe.de,DE,0,0,0,0,0,0,0
381,https://www.allguth.de,DE,0,0,0,0,0,0,0
382,https://www.elektro-freitag.de,DE,0,0,0,0,0,0,0
383,http://www.gns.de,DE,0,0,0,0,0,0,0
384,https://www.enistation.de,DE,0,0,0,0,0,0,0
385,http://www.schluessel-kurth.de,DE,0,0,0,0,0,0,0
386,https://www.gdk-rostock.de,DE,0,0,0,0,0,0,0
387,https://www.kuhstallcafe.de,DE,0,0,0,0,0,0,0
388,https://sellwerk.de,DE,0,0,0,0,0,0,0
389,https://starsbarbier.de,DE,0,0,0,0,0,0,0
390,https://www.gaertnerei-haucap.de,DE,0,0,0,0,0,0,0
391,https://www.audi-zentrum-muenchen-albrechtstrasse.audi,DE,0,0,0,0,0,0,0
392,http://www.pathes-hof.de,DE,0,0,0,0,0,0,0
393,https://autohaus-blunck.de,DE,0,0,0,0,0,0,0
394,https://www.novacura-zahnaerzte.de,DE,0,0,0,0,0,0,0
395,http://www.moll.de,DE,0,0,0,0,0,0,0
396,https://luth-sanitaer.de,DE,0,0,0,0,0,0,0
397,http://www.drrosso.de,DE,0,0,0,0,0,0,0
398,http://merkur-spielhalle.de,DE,0,0,0,0,0,0,0
399,http://www.elektro-drews.de,DE,0,0,0,0,0,0,0
400,http://www.sulzburghof.de,DE,0,0,0,0,0,0,0
401,http://www.texaslonghorn.de,DE,0,0,0,0,0,0,0
402,http://www.fischereihof.de,DE,0,0,0,0,0,0,0
403,http://www.lustiger-hirsch.de,DE,0,0,0,0,0,0,0
404,https://www.a2amsee.de,DE,0,0,0,0,0,0,0
405,https://www.schenke.de,DE,0,0,0,0,0,0,0
406,https://heisan-gmbh.de,DE,0,0,0,0,0,0,0
407,https://eggert-service.bmw,DE,0,0,0,0,0,0,0
408,https://www.schlegelgmbh.de,DE,0,0,0,0,0,0,0
409,https://www.kerstingjohaenner.de,DE,0,0,0,0,0,0,0
411,http://www.fahrrad-barten.de,DE,0,0,0,0,0,0,0
412,http://www.schneidergeiwitz.de,DE,0,0,0,0,0,0,0
413,http://www.moorbadstuben.de,DE,0,0,0,0,0,0,0
414,https://www.elektrobau-sued.de,DE,0,0,0,0,0,0,0
415,https://www.autohaus-royal.de,DE,0,0,0,0,0,0,0
416,http://www.combe.de,DE,0,0,0,0,0,0,0
417,http://www.j-store-hamburg.de,DE,0,0,0,0,0,0,0
418,http://www.naan-barmbek.de,DE,0,0,0,0,0,0,0
419,https://www.hilker-solar.de,DE,0,0,0,0,0,0,0
422,https://www.pflanzen-koelle.de,DE,0,0,0,0,0,0,0
423,https://leo-barber-hair-salon.business.site,DE,0,0,0,0,0,0,0
424,https://www.matthies.de,DE,0,0,0,0,0,0,0
425,http://www.bklotz.de,DE,0,0,0,0,0,0,0
426,https://www.bauer-netz.de,DE,0,0,0,0,0,0,0
427,https://first-class-damen-herren-friseur.business.site,DE,0,0,0,0,0,0,0
428,https://anteplioglu.de,DE,0,0,0,0,0,0,0
429,https://www.cube-store-ludwigsburg.de,DE,0,0,0,0,0,0,0
430,https://www.sport-ludwig.de,DE,0,0,0,0,0,0,0
431,https://filialen.aldi-sued.de,DE,0,0,0,0,0,0,0
432,https://www.v-markt.de,DE,0,0,0,0,0,0,0
433,https://www.ihk.de,DE,0,0,0,0,0,0,0
434,http://www.dr-meiritz.de,DE,0,0,0,0,0,0,0
435,https://www.wuerzburg.ihk.de,DE,0,0,0,0,0,0,0
436,http://www.tasfirini.com,DE,0,0,0,0,0,0,0
437,http://www.abbeiz.de,DE,0,0,0,0,0,0,0
438,https://berlin-beta.bestdutchonlinecasino.com,DE,0,0,0,0,0,0,0
439,https://speisekartenweb.de,DE,0,0,0,0,0,0,0
440,http://www.choclet.info,DE,0,0,0,0,0,0,0
441,https://www.bmw-muenchen.de,DE,0,0,0,0,0,0,0
442,https://www.kkh.de,DE,0,0,0,0,0,0,0
443,https://www.haus-neuland.de,DE,0,0,0,0,0,0,0
444,http://www.zahn-gesundheitszentrum.de,DE,0,0,0,0,0,0,0
445,http://www.s-n-g.eu,DE,0,0,0,0,0,0,0
446,https://www.riu.com,DE,0,0,0,0,0,0,0
447,http://www.r-m-k.de,DE,0,0,0,0,0,0,0
448,https://www.liquidrom-berlin.de,DE,0,0,0,0,0,0,0
449,http://www.hirschgarten.de,DE,0,0,0,0,0,0,0
451,https://www.droeder-logistik.de,DE,0,0,0,0,0,0,0
452,http://www.glattt.com,DE,0,0,0,0,0,0,0
453,http://www.abc-florist-neuhann.de,DE,0,0,0,0,0,0,0
454,http://www.alte-fasanerie-luebars.de,DE,0,0,0,0,0,0,0
455,https://www.ruby-hotels.com,DE,0,0,0,0,0,0,0
456,https://www.friedmann-gmbh.de,DE,0,0,0,0,0,0,0
457,http://www.mindsquare.de,DE,0,0,0,0,0,0,0
458,https://autohaus-seitz.de,DE,0,0,0,0,0,0,0
459,http://www.eibl.de,DE,0,0,0,0,0,0,0
460,http://dieholzkugel.de,DE,0,0,0,0,0,0,0
461,http://www.schmuecker-hof.de,DE,0,0,0,0,0,0,0
462,http://www.drhamann.de,DE,0,0,0,0,0,0,0
463,https://littlejohnbikes.de,DE,0,0,0,0,0,0,0
464,http://www.porsche-duesseldorf.de,DE,0,0,0,0,0,0,0
465,http://www.haustechnik.hamburg,DE,0,0,0,0,0,0,0
466,https://www.meinreal.de,DE,0,0,0,0,0,0,0
467,http://dentalwhite.store,DE,0,0,0,0,0,0,0
468,https://www.wyndhamhotels.com,DE,0,0,0,0,0,0,0
469,https://www.ford-poellot-feucht.de,DE,0,0,0,0,0,0,0
470,https://www.bmw-berlin.de,DE,0,0,0,0,0,0,0
471,https://stutzenmuhle.business.site,DE,0,0,0,0,0,0,0
472,https://ligula.se,DE,0,0,0,0,0,0,0
473,https://movenpick.accor.com,DE,0,0,0,0,0,0,0
474,https://www.tuev-nord.de,DE,0,0,0,0,0,0,0
475,http://www.spaethsche-baumschulen.de,DE,0,0,0,0,0,0,0
476,https://www.fritsche-elektro.de,DE,0,0,0,0,0,0,0
477,https://www.etl.de,DE,0,0,0,0,0,0,0
478,http://www.forellenhof-roessle.de,DE,0,0,0,0,0,0,0
479,http://www.bestsecret.com,DE,0,0,0,0,0,0,0
480,https://lokmam.de,DE,0,0,0,0,0,0,0
481,https://celona.de,DE,0,0,0,0,0,0,0
483,http://www.wildwakepark.de,DE,0,0,0,0,0,0,0
485,http://www.erdbeerhof-aschentrup.de,DE,0,0,0,0,0,0,0
486,http://www.edeka-tamme.de,DE,0,0,0,0,0,0,0
487,http://www.graffiti-cans.com,DE,0,0,0,0,0,0,0
488,http://www.rpp.de,DE,0,0,0,0,0,0,0
489,https://www.eschenburg-ekk.de,DE,0,0,0,0,0,0,0
490,https://mens-place-barbier.mytreatwell.de,DE,0,0,0,0,0,0,0
491,http://www.autohaus-weeber.de,DE,0,0,0,0,0,0,0
492,http://www.wepler-scheja.de,DE,0,0,0,0,0,0,0
493,https://anwaltrostock.de,DE,0,0,0,0,0,0,0
494,http://www.littletiana.de,DE,0,0,0,0,0,0,0
495,http://www.bergerhof.de,DE,0,0,0,0,0,0,0
496,https://www.vvrbank-krp.de,DE,0,0,0,0,0,0,0
497,http://www.hotel-am-hechenberg.de,DE,0,0,0,0,0,0,0
498,https://www.liquid-life.de,DE,0,0,0,0,0,0,0
499,http://www.mahlerundboehm.de,DE,0,0,0,0,0,0,0
500,https://www.taylorwessing.com,DE,0,0,0,0,0,0,0
501,http://www.finanzamt-kaufbeuren.de,DE,0,0,0,0,0,0,0
502,http://www.caravelle-kreuznach.de,DE,0,0,0,0,0,0,0
503,https://www.leonardo-hotels.de,DE,0,0,0,0,0,0,0
504,https://www.eversheds-sutherland.com,DE,0,0,0,0,0,0,0
505,http://www.pkf-fasselt.de,DE,0,0,0,0,0,0,0
506,https://fair-play-casino.de,DE,0,0,0,0,0,0,0
507,http://www.wolfmaier-haustechnik.de,DE,0,0,0,0,0,0,0
508,http://www.boulderwelt-muenchen-ost.de,DE,0,0,0,0,0,0,0
509,https://www.alba-cafe.de,DE,0,0,0,0,0,0,0
510,http://www.shakespeareandsons.com,DE,0,0,0,0,0,0,0
511,http://kanzlei-mwh.de,DE,0,0,0,0,0,0,0
512,https://www.jacques.de,DE,0,0,0,0,0,0,0
513,http://www.arminia-bielefeld.de,DE,0,0,0,0,0,0,0
514,http://www.spina.de,DE,0,0,0,0,0,0,0
515,https://siemens.de,DE,0,0,0,0,0,0,0
516,http://www.harley-hh.de,DE,0,0,0,0,0,0,0
517,https://rueyamdoener.de,DE,0,0,0,0,0,0,0
518,http://www.knarr-knopp.de,DE,0,0,0,0,0,0,0
519,https://www.jebe.de,DE,0,0,0,0,0,0,0
520,http://www.gaumentanz.de,DE,0,0,0,0,0,0,0
521,https://www.dein-marktkauf.de,DE,0,0,0,0,0,0,0
522,https://paulaner-nockherberg.com,DE,0,0,0,0,0,0,0
523,http://www.wo-der-hahn-kraeht.de,DE,0,0,0,0,0,0,0
524,https://www.kraemer.de,DE,0,0,0,0,0,0,0
525,http://www.dein-glashaus.de,DE,0,0,0,0,0,0,0
526,http://www.bazle.de,DE,0,0,0,0,0,0,0
527,https://www.loesch-autovermietung.de,DE,0,0,0,0,0,0,0
528,http://www.blumen-lederer.de,DE,0,0,0,0,0,0,0
529,https://esysteme21.de,DE,0,0,0,0,0,0,0
530,https://www.zahninsel.de,DE,0,0,0,0,0,0,0
531,http://www.hotel-camenz-guestrow.de,DE,0,0,0,0,0,0,0
532,https://www.sanartec.de,DE,0,0,0,0,0,0,0
533,http://www.ewg-elektro.de,DE,0,0,0,0,0,0,0
534,http://www.fachzahnarzt-praxis.de,DE,0,0,0,0,0,0,0
535,https://boc24.de,DE,0,0,0,0,0,0,0
536,https://www.blumen-risse.de,DE,0,0,0,0,0,0,0
537,https://www.berlin.de,DE,0,0,0,0,0,0,0
538,http://www.schindelar.de,DE,0,0,0,0,0,0,0
539,http://www.lufthansa-seeheim.de,DE,0,0,0,0,0,0,0
540,https://www.derwaldgeist.de,DE,0,0,0,0,0,0,0
541,http://www.rechtsanwaeltinlorenz.de,DE,0,0,0,0,0,0,0
542,http://www.cphcoffeelab.com,DE,0,0,0,0,0,0,0
543,https://www.lefers.de,DE,0,0,0,0,0,0,0
544,http://www.zillmer-elektrotechnik.de,DE,0,0,0,0,0,0,0
545,https://www.cube-store-rostock.de,DE,0,0,0,0,0,0,0
546,http://www.p1-club.de,DE,0,0,0,0,0,0,0
547,https://www.zahn33.de,DE,0,0,0,0,0,0,0
548,http://www.zeitlos.group,DE,0,0,0,0,0,0,0
549,http://www.zahnfee-norderstedt.de,DE,0,0,0,0,0,0,0
550,http://www.conticoatings.com,DE,0,0,0,0,0,0,0
551,http://www.steng-lauffen.de,DE,0,0,0,0,0,0,0
552,http://www.cinecitta.de,DE,0,0,0,0,0,0,0
553,http://patriot-autos.net,DE,0,0,0,0,0,0,0
554,https://mobil-krankenkasse.de,DE,0,0,0,0,0,0,0
555,https://landgasthof-buch.de,DE,0,0,0,0,0,0,0
556,https://www.adac-nordrhein.de,DE,0,0,0,0,0,0,0
557,http://www.battenheimerhof.com,DE,0,0,0,0,0,0,0
558,http://www.cityhotel-ahlen.de,DE,0,0,0,0,0,0,0
559,http://www.kauver-oberhausen.de,DE,0,0,0,0,0,0,0
560,http://www.b-braunger.de,DE,0,0,0,0,0,0,0
562,http://www.mainzer-golfclub.de,DE,0,0,0,0,0,0,0
563,https://www.bdo.de,DE,0,0,0,0,0,0,0
564,http://www.auto-strobel.de,DE,0,0,0,0,0,0,0
565,https://www.christl-schowalter.de,DE,0,0,0,0,0,0,0
566,https://julius-brantner.de,DE,0,0,0,0,0,0,0
567,http://www.daimler-mobility.com,DE,0,0,0,0,0,0,0
568,http://www.bosch-engineering.de,DE,0,0,0,0,0,0,0
569,http://www.westfalen-tankstellen.de,DE,0,0,0,0,0,0,0
570,http://www.sta-muenster.nrw.de,DE,0,0,0,0,0,0,0
571,https://www.jako-o.com,DE,0,0,0,0,0,0,0
572,https://www.gc-gruppe.de,DE,0,0,0,0,0,0,0
573,https://www.orthopoint.de,DE,0,0,0,0,0,0,0
574,http://www.kutter-pflanzen.de,DE,0,0,0,0,0,0,0
575,https://www.adentics.de,DE,0,0,0,0,0,0,0
576,http://www.landhotel-muenster.de,DE,0,0,0,0,0,0,0
577,https://www.till-werner-fotografie.de,DE,0,0,0,0,0,0,0
578,https://www.befurt.de,DE,0,0,0,0,0,0,0
579,http://www.chinaturm.de,DE,0,0,0,0,0,0,0
581,http://www.casino-ibiza.de,DE,0,0,0,0,0,0,0
582,https://schwedischer-farbenhandel.de,DE,0,0,0,0,0,0,0
583,https://brunos.de,DE,0,0,0,0,0,0,0
584,https://ku64.de,DE,0,0,0,0,0,0,0
585,http://www.autohaus-pietsch.de,DE,0,0,0,0,0,0,0
586,http://www.brandt-bikes-rostock.com,DE,0,0,0,0,0,0,0
587,http://www.radwelt-harsefeld.de,DE,0,0,0,0,0,0,0
588,http://www.skaliks-sohn.de,DE,0,0,0,0,0,0,0
589,http://outlet-ravennapark.de,DE,0,0,0,0,0,0,0
590,http://www.blumenparadies.de,DE,0,0,0,0,0,0,0
591,https://www.contax-muschlin.de,DE,0,0,0,0,0,0,0
592,http://www.ekrebs.de,DE,0,0,0,0,0,0,0
593,http://www.rampendahl.de,DE,0,0,0,0,0,0,0
594,http://www.autohaus-arnold.de,DE,0,0,0,0,0,0,0
595,https://089-bar.de,DE,0,0,0,0,0,0,0
596,http://fight-clubcasino.de,DE,0,0,0,0,0,0,0
597,https://www.hnw-fulda.de,DE,0,0,0,0,0,0,0
598,https://www.chumbos.de,DE,0,0,0,0,0,0,0
599,http://www.ermstalfischerei.de,DE,0,0,0,0,0,0,0
600,https://lottental.de,DE,0,0,0,0,0,0,0
601,https://tripinn-hotels.com,DE,0,0,0,0,0,0,0
603,https://sonnenkeller.de,DE,0,0,0,0,0,0,0
604,http://www.gwi-elektrotechnik.de,DE,0,0,0,0,0,0,0
605,http://www.justiz.bayern.de,DE,0,0,0,0,0,0,0
606,https://www.zahnarzt-praxis-ravensburg.de,DE,0,0,0,0,0,0,0
607,https://www.elektromotoren-holder.de,DE,0,0,0,0,0,0,0
608,http://www.trapp-hls.de,DE,0,0,0,0,0,0,0
609,https://hagelauer.de,DE,0,0,0,0,0,0,0
610,http://www.grünerjäger-os.de,DE,0,0,0,0,0,0,0
611,https://www.drstarck-darmstadt.de,DE,0,0,0,0,0,0,0
612,http://www.schoofs-haustechnik.de,DE,0,0,0,0,0,0,0
613,http://www.eeatec.de,DE,0,0,0,0,0,0,0
614,http://www.arndt-urban.de,DE,0,0,0,0,0,0,0
615,http://www.malerfischer.com,DE,0,0,0,0,0,0,0
616,https://buo.de,DE,0,0,0,0,0,0,0
617,https://www.hotel-zur-bever.de,DE,0,0,0,0,0,0,0
618,https://www.cousinsbarber.de,DE,0,0,0,0,0,0,0
619,https://www.kieferchirurgie-koenigsallee-duesseldorf.de,DE,0,0,0,0,0,0,0
620,https://www.rioca.eu,DE,0,0,0,0,0,0,0
621,http://www.medeco.de,DE,0,0,0,0,0,0,0
622,https://www.feenstra.de,DE,0,0,0,0,0,0,0
623,https://www.rupprich-wohnwerk.de,DE,0,0,0,0,0,0,0
624,https://www.kinderpluszahnarzt.berlin,DE,0,0,0,0,0,0,0
625,http://www.dentsandmore.de,DE,0,0,0,0,0,0,0
626,http://www.steuerberaterkammer-muenchen.de,DE,0,0,0,0,0,0,0
627,http://www.dentalplus.de,DE,0,0,0,0,0,0,0
628,http://www.blumen-baruch.de,DE,0,0,0,0,0,0,0
629,https://www.maba-gmbh.de,DE,0,0,0,0,0,0,0
631,http://www.zahnarztpraxis-fishkin.de,DE,0,0,0,0,0,0,0
632,http://www.steigerwaldmobile.de,DE,0,0,0,0,0,0,0
633,http://www.bluetenburg.de,DE,0,0,0,0,0,0,0
634,http://www.elektroanlagen-herz.de,DE,0,0,0,0,0,0,0
635,https://www.autosinger.de,DE,0,0,0,0,0,0,0
636,http://www.spielbank-stuttgart.de,DE,0,0,0,0,0,0,0
637,https://mohr-maler.de,DE,0,0,0,0,0,0,0
638,http://www.finanzamt-kaiserslautern.de,DE,0,0,0,0,0,0,0
639,https://www.gladbeck-zahnarzt.de,DE,0,0,0,0,0,0,0
640,https://studiolinne.de,DE,0,0,0,0,0,0,0
641,http://www.lieblingsblume-rostock.de,DE,0,0,0,0,0,0,0
642,http://www.information-services.basf.com,DE,0,0,0,0,0,0,0
643,http://cinnamood.de,DE,0,0,0,0,0,0,0
644,https://www.tk.de,DE,0,0,0,0,0,0,0
645,http://www.takumi-duesseldorf.de,DE,0,0,0,0,0,0,0
647,https://forum-duisburg.klepierre.de,DE,0,0,0,0,0,0,0
648,http://nockmann-gerstberger.de,DE,0,0,0,0,0,0,0
649,https://www.backstage.info,DE,0,0,0,0,0,0,0
650,http://www.kanzleiammuenster.de,DE,0,0,0,0,0,0,0
651,https://rechtsanwalt-faisst.de,DE,0,0,0,0,0,0,0
652,https://www.gentilegusto.de,DE,0,0,0,0,0,0,0
653,http://elmatic.com,DE,0,0,0,0,0,0,0
654,https://www.truma.com,DE,0,0,0,0,0,0,0
655,http://www.dax-sports.com,DE,0,0,0,0,0,0,0
656,http://www.angelangt.de,DE,0,0,0,0,0,0,0
657,https://www.thiel-gruppe.de,DE,0,0,0,0,0,0,0
658,http://www.autohof-lippetal.de,DE,0,0,0,0,0,0,0
659,https://www.bernsteinreiter.de,DE,0,0,0,0,0,0,0
660,https://flormarkt.de,DE,0,0,0,0,0,0,0
661,http://www.hotel-tiergarten.de,DE,0,0,0,0,0,0,0
662,http://www.umamiramen.de,DE,0,0,0,0,0,0,0
663,http://www.klostergaertnerei.drw.de,DE,0,0,0,0,0,0,0
664,http://www.maler-haubner.de,DE,0,0,0,0,0,0,0
665,http://cocoon-beautycare.com,DE,0,0,0,0,0,0,0
666,http://www.koepke-elektromontagen.de,DE,0,0,0,0,0,0,0
667,http://www.hans-meyer-elektrotechnik.de,DE,0,0,0,0,0,0,0
668,http://www.wegra-anlagenbau.de,DE,0,0,0,0,0,0,0
669,http://www.oppenlaender.de,DE,0,0,0,0,0,0,0
670,http://www.barbierhk.de,DE,0,0,0,0,0,0,0
671,https://www.grandhotel-heiligendamm.de,DE,0,0,0,0,0,0,0
672,http://www.feines-vom-bauernhof.de,DE,0,0,0,0,0,0,0
673,https://www.spargelhof-klaistow.de,DE,0,0,0,0,0,0,0
674,https://demaps.top,DE,0,0,0,0,0,0,0
675,http://www.wagnersjuicery.com,DE,0,0,0,0,0,0,0
676,https://www.stark-gruppe.de,DE,0,0,0,0,0,0,0
677,http://www.ginis-zahnaerzte.de,DE,0,0,0,0,0,0,0
678,http://www.wendelstein-hotel.de,DE,0,0,0,0,0,0,0
679,https://www.ford-gaul-klamt-badkissingen.de,DE,0,0,0,0,0,0,0
680,https://www.gartencenter-kemper.de,DE,0,0,0,0,0,0,0
681,https://all.accor.com,DE,0,0,0,0,0,0,0
682,http://www.lillich.de,DE,0,0,0,0,0,0,0
683,https://www.taunus-auto.de,DE,0,0,0,0,0,0,0
684,https://www.spiel-in.de,DE,0,0,0,0,0,0,0
685,http://www.blume2000.de,DE,0,0,0,0,0,0,0
686,http://www.sta-duesseldorf.nrw.de,DE,0,0,0,0,0,0,0
687,https://www.hotel-allgaeu-garni.de,DE,0,0,0,0,0,0,0
688,https://www.elektroinstallation-lebing.de,DE,0,0,0,0,0,0,0
689,http://www.obelink.eu,DE,0,0,0,0,0,0,0
690,https://www.berner-gmbh.com,DE,0,0,0,0,0,0,0
691,https://www.stork-oberflaechentechnik.de,DE,0,0,0,0,0,0,0
692,https://www.instagram.com,DE,0,0,0,0,0,0,0
693,https://haarhelden.com,DE,0,0,0,0,0,0,0
694,http://www.leinemann-partner.de,DE,0,0,0,0,0,0,0
695,https://autowerkstatt.atu.de,DE,0,0,0,0,0,0,0
696,http://www.cotidiano.de,DE,0,0,0,0,0,0,0
697,http://www.pleitegeier2.de,DE,0,0,0,0,0,0,0
698,https://www.spiering.de,DE,0,0,0,0,0,0,0
699,http://hongyunlai-ulm.de,DE,0,0,0,0,0,0,0
700,http://www.sta-duisburg.nrw.de,DE,0,0,0,0,0,0,0
701,http://www.factory-buffet.de,DE,0,0,0,0,0,0,0
702,https://new.siemens.com,DE,0,0,0,0,0,0,0
703,http://www.berliner-ausbau.de,DE,0,0,0,0,0,0,0
704,https://rechtsanwalt-gero-loyens-fachanwalt-fur-strafrecht.business.site,DE,0,0,0,0,0,0,0
705,https://www.styles-hotel-frankfurt.de,DE,0,0,0,0,0,0,0
706,http://www.kfo-schweinfurt.de,DE,0,0,0,0,0,0,0
707,https://www.sparkasse-nuernberg.de,DE,0,0,0,0,0,0,0
708,http://www.finanzamt-schwandorf.de,DE,0,0,0,0,0,0,0
709,http://www.papperts.de,DE,0,0,0,0,0,0,0
710,http://www.baua.de,DE,0,0,0,0,0,0,0
711,http://www.bike-and-style.de,DE,0,0,0,0,0,0,0
712,https://barbershophairport.business.site,DE,0,0,0,0,0,0,0
713,http://www.dein-dental-mannheim.de,DE,0,0,0,0,0,0,0
714,http://www.del-tufo.de,DE,0,0,0,0,0,0,0
715,https://www.fine-esthetics.de,DE,0,0,0,0,0,0,0
716,https://hyundai.auto-eggert.com,DE,0,0,0,0,0,0,0
717,https://www.sport-schuster.de,DE,0,0,0,0,0,0,0
718,http://www.bauerngarten-benninghoven.de,DE,0,0,0,0,0,0,0
719,http://www.senne-hotel.de,DE,0,0,0,0,0,0,0
720,http://www.trane.de,DE,0,0,0,0,0,0,0
721,http://www.optitherm.de,DE,0,0,0,0,0,0,0
722,https://snockscoffee.com,DE,0,0,0,0,0,0,0
723,https://carhire.one,DE,0,0,0,0,0,0,0
724,https://www.hotelneumarkt.de,DE,0,0,0,0,0,0,0
725,http://www.christ-wagenseil.de,DE,0,0,0,0,0,0,0
726,https://www.h-hotels.com,DE,0,0,0,0,0,0,0
727,https://madisonhotel.de,DE,0,0,0,0,0,0,0
728,http://rehe.de,DE,0,0,0,0,0,0,0
729,http://bullerei.com,DE,0,0,0,0,0,0,0
730,http://www.rapha.cc,DE,0,0,0,0,0,0,0
731,https://www.sparkasse-dortmund.de,DE,0,0,0,0,0,0,0
732,https://www.kki-gmbh.de,DE,0,0,0,0,0,0,0
733,http://www.haenfling.de,DE,0,0,0,0,0,0,0
734,https://www.munich-urban-colab.de,DE,0,0,0,0,0,0,0
735,http://www.strobel-lamm.de,DE,0,0,0,0,0,0,0
736,http://www.blaue-boje.de,DE,0,0,0,0,0,0,0
737,http://www.otto-blumen.de,DE,0,0,0,0,0,0,0
739,https://www.hotelamrothenbaum.de,DE,0,0,0,0,0,0,0
741,http://www.hirsch-nu.de,DE,0,0,0,0,0,0,0
742,https://www.psp.eu,DE,0,0,0,0,0,0,0
743,http://kuhn-elektro.de,DE,0,0,0,0,0,0,0
744,https://ana-hotels.com,DE,0,0,0,0,0,0,0
745,http://www.vital-hotel.de,DE,0,0,0,0,0,0,0
746,http://www.platow-maler.de,DE,0,0,0,0,0,0,0
747,https://www.oediv.de,DE,0,0,0,0,0,0,0
748,http://www.mammut.com,DE,0,0,0,0,0,0,0
749,http://www.derma-nuernberg.de,DE,0,0,0,0,0,0,0
750,https://www.bkk-verbundplus.de,DE,0,0,0,0,0,0,0
751,http://www.steinhaeuser-huemmer.de,DE,0,0,0,0,0,0,0
752,http://www.autenrieth-wehner.de,DE,0,0,0,0,0,0,0
753,http://www.erdbeerhof-kaack.de,DE,0,0,0,0,0,0,0
754,https://www.megabike24.de,DE,0,0,0,0,0,0,0
755,http://www.ehf-ip.com,DE,0,0,0,0,0,0,0
756,https://www.franz-lohr.de,DE,0,0,0,0,0,0,0
757,http://www.finanzamt-oberhausen-nord.de,DE,0,0,0,0,0,0,0
758,https://www.bad-gmbh.de,DE,0,0,0,0,0,0,0
759,http://www.finanzamt-immenstadt.de,DE,0,0,0,0,0,0,0
760,http://www.jb-fotografie.de,DE,0,0,0,0,0,0,0
761,https://finanzamt.hessen.de,DE,0,0,0,0,0,0,0
762,http://www.spiekermann-partner.de,DE,0,0,0,0,0,0,0
763,http://www.exclusivehairbymelanie.com,DE,0,0,0,0,0,0,0
764,http://www.sos-handyservice.de,DE,0,0,0,0,0,0,0
765,http://www.mueller-rethwisch.de,DE,0,0,0,0,0,0,0
766,https://find.shell.com,DE,0,0,0,0,0,0,0
767,http://www.can-supermarkt.de,DE,0,0,0,0,0,0,0
768,http://www.aydinbaeckerei.de,DE,0,0,0,0,0,0,0
769,https://bikespot-shop.de,DE,0,0,0,0,0,0,0
770,http://www.25hours-hotels.com,DE,0,0,0,0,0,0,0
771,http://thesevensundays.de,DE,0,0,0,0,0,0,0
772,https://www.grossefreiheit36.com,DE,0,0,0,0,0,0,0
773,https://www.avis.de,DE,0,0,0,0,0,0,0
774,http://zop-essen.de,DE,0,0,0,0,0,0,0
775,https://www.ostseeferienpark-seepferdchen.de,DE,0,0,0,0,0,0,0
776,https://www.vapiano.de,DE,0,0,0,0,0,0,0
777,http://www.pankratiushof.de,DE,0,0,0,0,0,0,0
778,https://www.mcdonalds.com,DE,0,0,0,0,0,0,0
779,https://www.zahnarzt-wiessner.com,DE,0,0,0,0,0,0,0
780,https://kunstundspiel.com,DE,0,0,0,0,0,0,0
783,https://www.hackesche-hoefe.de,DE,0,0,0,0,0,0,0
784,https://malerpit.de,DE,0,0,0,0,0,0,0
785,http://www.hotel-therme-teinach.de,DE,0,0,0,0,0,0,0
786,http://www.settele-kfz.de,DE,0,0,0,0,0,0,0
787,http://www.dumke-luett.de,DE,0,0,0,0,0,0,0
788,https://www.meissner-elektronic.de,DE,0,0,0,0,0,0,0
789,http://www.albert-zweiradcenter.de,DE,0,0,0,0,0,0,0
790,http://www.zahnzentrum-rostock.de,DE,0,0,0,0,0,0,0
791,http://thesanctuaryberlin.com,DE,0,0,0,0,0,0,0
792,http://www.binder-partner.de,DE,0,0,0,0,0,0,0
794,https://www.fritz-berger.de,DE,0,0,0,0,0,0,0
795,https://www.sport-bittl.com,DE,0,0,0,0,0,0,0
796,http://www.wofa-wolf.de,DE,0,0,0,0,0,0,0
797,http://www.haustechnik-lotter.de,DE,0,0,0,0,0,0,0
798,https://www.sieben-koenigslande.de,DE,0,0,0,0,0,0,0
799,http://www.hans-hund.de,DE,0,0,0,0,0,0,0
800,https://www.panorama-therme.de,DE,0,0,0,0,0,0,0
801,https://www.implantate-tuebingen.de,DE,0,0,0,0,0,0,0
802,https://www.warnemuender-hof.de,DE,0,0,0,0,0,0,0
803,http://www.momo-ramen.de,DE,0,0,0,0,0,0,0
804,https://www.cube-store-rhoen.de,DE,0,0,0,0,0,0,0
805,https://www.scheller-auto.de,DE,0,0,0,0,0,0,0
806,http://auto1-group.com,DE,0,0,0,0,0,0,0
807,http://www.grunecker.de,DE,0,0,0,0,0,0,0
808,http://www.schneiders-jobagentur.de,DE,0,0,0,0,0,0,0
809,http://www.tannenhof-oberweilbach.de,DE,0,0,0,0,0,0,0
810,https://www.conrad-elektro.de,DE,0,0,0,0,0,0,0
811,http://www.fa-potsdam.brandenburg.de,DE,0,0,0,0,0,0,0
812,http://www.hotel-europa.de,DE,0,0,0,0,0,0,0
813,http://stahl-bau.info,DE,0,0,0,0,0,0,0
814,https://goodmorningberlincitywest.com,DE,0,0,0,0,0,0,0
815,https://cafebeerenland.de,DE,0,0,0,0,0,0,0
816,https://zahnarzt-toeroek-thumm.de,DE,0,0,0,0,0,0,0
817,https://www.elronik.de,DE,0,0,0,0,0,0,0
818,http://www.plantbase.berlin,DE,0,0,0,0,0,0,0
819,https://www.notebooksbilliger.de,DE,0,0,0,0,0,0,0
820,http://www.schmitt-hoff.de,DE,0,0,0,0,0,0,0
821,http://www.cafe-glueck-fulda.de,DE,0,0,0,0,0,0,0
822,http://www.quarree-dental.de,DE,0,0,0,0,0,0,0
823,https://schwarz-weissenhorn.de,DE,0,0,0,0,0,0,0
824,http://www.stuckensen-ullrich.de,DE,0,0,0,0,0,0,0
825,http://fahrradhandel-heiden.de,DE,0,0,0,0,0,0,0
826,https://www.prefa.de,DE,0,0,0,0,0,0,0
827,https://cafe-extrablatt.de,DE,0,0,0,0,0,0,0
828,http://auto-rieger.de,DE,0,0,0,0,0,0,0
829,http://www.holz-weisbrodt.de,DE,0,0,0,0,0,0,0
830,http://www.rostock2.shbb.de,DE,0,0,0,0,0,0,0
831,https://harputrestaurant.de,DE,0,0,0,0,0,0,0
832,http://www.horst-busch.de,DE,0,0,0,0,0,0,0
833,https://www.kiesow.de,DE,0,0,0,0,0,0,0
834,http://www.docsander.de,DE,0,0,0,0,0,0,0
835,http://www.lackiercenter-handel.de,DE,0,0,0,0,0,0,0
836,http://hotel-wiesbaden.dorint.com,DE,0,0,0,0,0,0,0
837,http://zmo-mainz.de,DE,0,0,0,0,0,0,0
838,https://www.cosy-wasch.de,DE,0,0,0,0,0,0,0
839,http://www.mkgulm.de,DE,0,0,0,0,0,0,0
840,https://www.bedenknecht.com,DE,0,0,0,0,0,0,0
841,http://www.bad-heizung-profi.de,DE,0,0,0,0,0,0,0
843,https://www.zenner.berlin,DE,0,0,0,0,0,0,0
844,http://www.weingeister.de,DE,0,0,0,0,0,0,0
845,https://www.ihg.com,DE,0,0,0,0,0,0,0
846,http://www.maler-rebel.de,DE,0,0,0,0,0,0,0
847,https://www.casinoroyal.de,DE,0,0,0,0,0,0,0
848,http://loewen-ulm.com,DE,0,0,0,0,0,0,0
849,http://www.elektro-phase.de,DE,0,0,0,0,0,0,0
850,https://www.burg-reichenstein.com,DE,0,0,0,0,0,0,0
851,https://www.spielbanken-niedersachsen.de,DE,0,0,0,0,0,0,0
852,http://www.ziereis.blog,DE,0,0,0,0,0,0,0
853,https://www.billard-club-wiesbaden-2000.de,DE,0,0,0,0,0,0,0
854,http://www.mainzer-anwalt.de,DE,0,0,0,0,0,0,0
855,https://www.outletcity.com,DE,0,0,0,0,0,0,0
856,http://www.altvater.de,DE,0,0,0,0,0,0,0
857,https://www.verlocke.de,DE,0,0,0,0,0,0,0
858,https://www.barrys.com,DE,0,0,0,0,0,0,0
859,https://www.teamwerk-esslingen.de,DE,0,0,0,0,0,0,0
860,https://fahrrad-floth.de,DE,0,0,0,0,0,0,0
861,http://rueyam.de,DE,0,0,0,0,0,0,0
862,http://www.kfo-stuttgart.com,DE,0,0,0,0,0,0,0
863,http://www.dein-alex.de,DE,0,0,0,0,0,0,0
864,http://www.spielplatz-mannheim.de,DE,0,0,0,0,0,0,0
865,http://www.manfred-schmid.de,DE,0,0,0,0,0,0,0
866,http://www.friseur-khair.de,DE,0,0,0,0,0,0,0
867,http://www.mkgchirurgie-weiden.de,DE,0,0,0,0,0,0,0
868,http://www.solida-stb.com,DE,0,0,0,0,0,0,0
869,http://www.elektrotechnik-nitz.de,DE,0,0,0,0,0,0,0
870,http://www.keipp.com,DE,0,0,0,0,0,0,0
871,http://www.am-schloss-biebrich.de,DE,0,0,0,0,0,0,0
872,https://www.kija-bau.de,DE,0,0,0,0,0,0,0
873,https://www.zm-z.de,DE,0,0,0,0,0,0,0
874,https://ey-law.de,DE,0,0,0,0,0,0,0
875,http://www.deutscheoperberlin.de,DE,0,0,0,0,0,0,0
876,https://www.z-24.de,DE,0,0,0,0,0,0,0
877,http://fischzucht-gerstner.de,DE,0,0,0,0,0,0,0
878,https://melle.vandervalk.de,DE,0,0,0,0,0,0,0
879,https://www.adac-rheinland-pfalz.de,DE,0,0,0,0,0,0,0
880,http://www.nordcoast-coffee.de,DE,0,0,0,0,0,0,0
881,https://www.demling.de,DE,0,0,0,0,0,0,0
882,http://dermatologie-spandau.de,DE,0,0,0,0,0,0,0
883,http://arena-hotel.de,DE,0,0,0,0,0,0,0
884,http://www.winklstueberl.de,DE,0,0,0,0,0,0,0
885,http://www.bansbach-gmbh.de,DE,0,0,0,0,0,0,0
886,https://www.bona-me.de,DE,0,0,0,0,0,0,0
887,https://enthus.de,DE,0,0,0,0,0,0,0
888,https://www.gartencenter-schloesser.de,DE,0,0,0,0,0,0,0
889,http://www.eselsmuehle.com,DE,0,0,0,0,0,0,0
890,https://www.zalando.de,DE,0,0,0,0,0,0,0
891,http://www.hymer-waldsee.de,DE,0,0,0,0,0,0,0
892,https://www.grantthornton.de,DE,0,0,0,0,0,0,0
893,https://layeno.com,DE,0,0,0,0,0,0,0
894,https://www.philipps-bochum.de,DE,0,0,0,0,0,0,0
895,https://www.winkler-braeu.de,DE,0,0,0,0,0,0,0
896,http://www.macao-raunheim.de,DE,0,0,0,0,0,0,0
897,https://www.spk-vorpommern.de,DE,0,0,0,0,0,0,0
898,https://www.contutum.de,DE,0,0,0,0,0,0,0
899,https://www.mazars.de,DE,0,0,0,0,0,0,0
900,https://www.aulinger.eu,DE,0,0,0,0,0,0,0
901,https://www.hotel-newton.de,DE,0,0,0,0,0,0,0
902,https://ernst-fress-ohg-sanitaer.weblocator.de,DE,0,0,0,0,0,0,0
903,https://hrewards.com,DE,0,0,0,0,0,0,0
904,https://chocoversum.de,DE,0,0,0,0,0,0,0
906,https://www.rhoen-park-hotel.de,DE,0,0,0,0,0,0,0
908,http://www.breakeven-bielefeld.de,DE,0,0,0,0,0,0,0
909,https://www.frauenaerzte-nuernberg-nord.de,DE,0,0,0,0,0,0,0
910,http://www.epi-gmbh.de,DE,0,0,0,0,0,0,0
911,http://www.meisterbetrieb-schiller.de,DE,0,0,0,0,0,0,0
912,http://kidz-doc.de,DE,0,0,0,0,0,0,0
913,http://www.bauer-lipp.de,DE,0,0,0,0,0,0,0
915,https://www.johanniter-gaestehaus.de,DE,0,0,0,0,0,0,0
916,http://globetrotter.de,DE,0,0,0,0,0,0,0
917,http://www.ll-friseure.de,DE,0,0,0,0,0,0,0
918,https://www.euramobil.de,DE,0,0,0,0,0,0,0
919,http://www.blumenhof-griem.de,DE,0,0,0,0,0,0,0
920,http://www.maler-guel.de,DE,0,0,0,0,0,0,0
921,http://www.hardy-barth.de,DE,0,0,0,0,0,0,0
922,http://www.sparkasse-sw-has.de,DE,0,0,0,0,0,0,0
923,https://www.weingut-isler.de,DE,0,0,0,0,0,0,0
924,http://www.schleusenkrug.de,DE,0,0,0,0,0,0,0
925,https://www.hugendubel.de,DE,0,0,0,0,0,0,0
926,https://adameve-hamburg.de,DE,0,0,0,0,0,0,0
927,https://www.opel-franke-weiden.de,DE,0,0,0,0,0,0,0
928,http://www.heimkinoraum.de,DE,0,0,0,0,0,0,0
929,https://www.esenwein.de,DE,0,0,0,0,0,0,0
930,https://www.elektrokleist.de,DE,0,0,0,0,0,0,0
931,http://www.hardes-gmbh.de,DE,0,0,0,0,0,0,0
932,https://www.asw-automobile.de,DE,0,0,0,0,0,0,0
933,https://www.kebo.de,DE,0,0,0,0,0,0,0
934,http://www.spk-ro-aib.de,DE,0,0,0,0,0,0,0
935,http://www.haare-mittmann.de,DE,0,0,0,0,0,0,0
936,https://thaipark.de,DE,0,0,0,0,0,0,0
937,http://www.wuehli.biz,DE,0,0,0,0,0,0,0
938,http://www.sankt-martin.de,DE,0,0,0,0,0,0,0
939,http://www.curacon.de,DE,0,0,0,0,0,0,0
940,https://welt-im-buch.de,DE,0,0,0,0,0,0,0
941,https://www.der-felsner.de,DE,0,0,0,0,0,0,0
942,http://www.joesepps-brauhaus.de,DE,0,0,0,0,0,0,0
943,http://www.braeustuben.de,DE,0,0,0,0,0,0,0
944,http://www.gea.com,DE,0,0,0,0,0,0,0
945,https://konditorei-heinemann.de,DE,0,0,0,0,0,0,0
946,https://www.dentalzentrum-essen.de,DE,0,0,0,0,0,0,0
947,http://www.ulmermuensterhotel.de,DE,0,0,0,0,0,0,0
948,https://www.gvw.com,DE,0,0,0,0,0,0,0
949,http://www.hotel-pegnitz.de,DE,0,0,0,0,0,0,0
950,https://www.bohotel.com,DE,0,0,0,0,0,0,0
951,http://www.damianwerner.de,DE,0,0,0,0,0,0,0
952,http://www.hotel-handelshof-buende.de,DE,0,0,0,0,0,0,0
953,https://www.boulderwelt-dortmund.de,DE,0,0,0,0,0,0,0
954,http://rostocker-stadtmaler.de,DE,0,0,0,0,0,0,0
955,https://www.puls-malerei.de,DE,0,0,0,0,0,0,0
956,https://www.steuerberaterkammer-westfalen-lippe.de,DE,0,0,0,0,0,0,0
957,http://www.mgr-stb.de,DE,0,0,0,0,0,0,0
958,http://www.alb-elektric.de,DE,0,0,0,0,0,0,0
959,https://www.stage-entertainment.de,DE,0,0,0,0,0,0,0
960,http://www.hymer.com,DE,0,0,0,0,0,0,0
961,https://www.mercedes-benz-ulm-schwaebischgmuend.de,DE,0,0,0,0,0,0,0
962,https://www.share-now.com,DE,0,0,0,0,0,0,0
963,https://www.sta-wuppertal.nrw.de,DE,0,0,0,0,0,0,0
964,http://www.pflanzenundfloristikweth.de,DE,0,0,0,0,0,0,0
965,https://www.fair-play-casino.de,DE,0,0,0,0,0,0,0
966,https://bz.nuernberg.de,DE,0,0,0,0,0,0,0
967,https://www.werner-kollegen.com,DE,0,0,0,0,0,0,0
968,https://www.hotel-darstein.de,DE,0,0,0,0,0,0,0
969,https://bigboostburger.de,DE,0,0,0,0,0,0,0
970,https://www.rvb-hassberge.de,DE,0,0,0,0,0,0,0
971,http://ginza-matsunaga.com,DE,0,0,0,0,0,0,0
972,http://kxkbarbershop.com,DE,0,0,0,0,0,0,0
973,http://www.malerinnung-muenchen.de,DE,0,0,0,0,0,0,0
974,https://www.zikarsky.de,DE,0,0,0,0,0,0,0
975,https://www.bandel-online.de,DE,0,0,0,0,0,0,0
976,https://www.blumenparadies-kral.de,DE,0,0,0,0,0,0,0
977,http://www.l-t.de,DE,0,0,0,0,0,0,0
978,https://www.maler-wolfseher.de,DE,0,0,0,0,0,0,0
979,https://www.diemalbucht.de,DE,0,0,0,0,0,0,0
980,http://www.schalttechnik.com,DE,0,0,0,0,0,0,0
982,http://www.siebenwelten.de,DE,0,0,0,0,0,0,0
983,https://www.jammertal.de,DE,0,0,0,0,0,0,0
984,https://calendly.com,DE,0,0,0,0,0,0,0
985,https://memorie-z.de,DE,0,0,0,0,0,0,0
986,https://www.86fss.com,DE,0,0,0,0,0,0,0
987,http://www.koch-malermeister.de,DE,0,0,0,0,0,0,0
988,http://www.bienemann.nrw,DE,0,0,0,0,0,0,0
989,http://www.bain.de,DE,0,0,0,0,0,0,0
990,http://www.zf.com,DE,0,0,0,0,0,0,0
991,https://www.doorout.com,DE,0,0,0,0,0,0,0
992,http://www.westermann.cc,DE,0,0,0,0,0,0,0
993,http://www.finanzamt-schweinfurt.de,DE,0,0,0,0,0,0,0
994,http://www.porsche-wuerzburg.de,DE,0,0,0,0,0,0,0
995,https://www.holzmarkt.com,DE,0,0,0,0,0,0,0
996,https://www.schloss-berge.de,DE,0,0,0,0,0,0,0
997,http://www.friseur-liedtke.de,DE,0,0,0,0,0,0,0
998,https://www.leickel.de,DE,0,0,0,0,0,0,0
999,http://www.friseur-aram.de,DE,0,0,0,0,0,0,0
0,https://www.dak.de,DE,0,0,0,0,0,0,0
1,http://www.malpo.de,DE,0,0,0,0,0,0,0
2,https://www.mercedes-benz-trucks-nuernberg.de,DE,0,0,0,0,0,0,0
3,https://www.nio.com,DE,0,0,0,0,0,0,0
4,https://www.velocultour.de,DE,0,0,0,0,0,0,0
6,https://konzept-weiss.de,DE,0,0,0,0,0,0,0
8,http://www.berlins-hotel.de,DE,0,0,0,0,0,0,0
9,http://gaertnerei-wolz.de,DE,0,0,0,0,0,0,0
10,https://www.restaurant-sitte.de,DE,0,0,0,0,0,0,0
11,https://www.konditorei-heinemann.de,DE,0,0,0,0,0,0,0
12,https://www.landbierparadies.com,DE,0,0,0,0,0,0,0
13,http://www.hotel-goldener-karpfen.de,DE,0,0,0,0,0,0,0
14,http://www.schulze-beikel.de,DE,0,0,0,0,0,0,0
15,https://www.hertz.de,DE,0,0,0,0,0,0,0
16,https://www.filderland.de,DE,0,0,0,0,0,0,0
17,https://roadsurfer.com,DE,0,0,0,0,0,0,0
18,http://www.waffen-albert.de,DE,0,0,0,0,0,0,0
19,https://www.paracelsus-therme.de,DE,0,0,0,0,0,0,0
21,http://wassermann-heidelbeeren.de,DE,0,0,0,0,0,0,0
22,https://www.enzianhuette-rhoen.de,DE,0,0,0,0,0,0,0
23,https://www.hofbraeuhaus.de,DE,0,0,0,0,0,0,0
24,https://www.restauration-kopernikus.de,DE,0,0,0,0,0,0,0
25,http://www.ek-haustechnik.de,DE,0,0,0,0,0,0,0
26,https://www.starbucks.de,DE,0,0,0,0,0,0,0
27,http://www.gutschoenau.de,DE,0,0,0,0,0,0,0
28,https://www.agw-elektrotechnik.de,DE,0,0,0,0,0,0,0
29,https://www.brentrup.de,DE,0,0,0,0,0,0,0
30,https://henkel-bad.de,DE,0,0,0,0,0,0,0
31,http://www.troelsch.de,DE,0,0,0,0,0,0,0
32,https://dodel-floristik.de,DE,0,0,0,0,0,0,0
33,http://www.bluedoorshostel.de,DE,0,0,0,0,0,0,0
34,https://x1fit.de,DE,0,0,0,0,0,0,0
35,https://www.prof-dhom.de,DE,0,0,0,0,0,0,0
36,https://www.hotel-esperanto.de,DE,0,0,0,0,0,0,0
37,http://www.teehaus-stuttgart.de,DE,0,0,0,0,0,0,0
38,https://www.volk.legal,DE,0,0,0,0,0,0,0
39,http://www.movinground-freizeitpark.de,DE,0,0,0,0,0,0,0
40,http://www.policke.de,DE,0,0,0,0,0,0,0
41,https://kliver-stuttgart.de,DE,0,0,0,0,0,0,0
42,https://zahnarzt-in-zuffenhausen.de,DE,0,0,0,0,0,0,0
43,https://www.factoryhotel-muenster.de,DE,0,0,0,0,0,0,0
44,https://www.baumstark-haustechnik.de,DE,0,0,0,0,0,0,0
45,https://www.auto-imperium.de,DE,0,0,0,0,0,0,0
46,https://www.bäcker-schill.de,DE,0,0,0,0,0,0,0
47,https://barbierchampion.business.site,DE,0,0,0,0,0,0,0
48,http://www.aestheticskin.de,DE,0,0,0,0,0,0,0
49,http://www.finanzamt-freising.de,DE,0,0,0,0,0,0,0
50,https://www.karlchens-backstube.de,DE,0,0,0,0,0,0,0
51,https://facebook.com,DE,0,0,0,0,0,0,0
52,https://motorworld.de,DE,0,0,0,0,0,0,0
53,http://www.sd-automaten.de,DE,0,0,0,0,0,0,0
54,http://www.ponyhof-waldschaenke.de,DE,0,0,0,0,0,0,0
56,https://www.mvzmedeco.berlin,DE,0,0,0,0,0,0,0
57,https://www.fasshalle-ke.de,DE,0,0,0,0,0,0,0
58,http://www.landhotel-groenenbach.de,DE,0,0,0,0,0,0,0
59,https://www.praxis-am-stadtpark.de,DE,0,0,0,0,0,0,0
60,https://www.opel-eggert-stralsund.de,DE,0,0,0,0,0,0,0
61,https://hamburg-delta.bestdutchonlinecasino.com,DE,0,0,0,0,0,0,0
62,https://www.sanitaer-rauch.de,DE,0,0,0,0,0,0,0
63,https://www.haspa.de,DE,0,0,0,0,0,0,0
64,http://www.rockenstein-sanitaer.de,DE,0,0,0,0,0,0,0
66,https://www.famila-nordost.de,DE,0,0,0,0,0,0,0
67,http://www.jacks-barber-shop.de,DE,0,0,0,0,0,0,0
68,http://www.schwabengarten.com,DE,0,0,0,0,0,0,0
69,https://www.fahrrad.de,DE,0,0,0,0,0,0,0
70,https://www.les-deux-messieurs.de,DE,0,0,0,0,0,0,0
71,https://city-car-autovermietung.de,DE,0,0,0,0,0,0,0
72,http://hof-leutenecker.de,DE,0,0,0,0,0,0,0
73,https://www.gls-sprachenzentrum.de,DE,0,0,0,0,0,0,0
74,http://www.hotel-busche.de,DE,0,0,0,0,0,0,0
75,http://www.hoegers.de,DE,0,0,0,0,0,0,0
76,https://kliniken.medicalpark.de,DE,0,0,0,0,0,0,0
77,https://www.motel-one.com,DE,0,0,0,0,0,0,0
78,http://www.evomotiv.de,DE,0,0,0,0,0,0,0
79,http://www.staatsanwaltschaft-osnabrueck.niedersachsen.de,DE,0,0,0,0,0,0,0
80,https://www.kreissparkasse-ravensburg.de,DE,0,0,0,0,0,0,0
81,https://www.fp-steuern.de,DE,0,0,0,0,0,0,0
82,http://www.ostseebowling.de,DE,0,0,0,0,0,0,0
83,http://www.rueckertheizung.de,DE,0,0,0,0,0,0,0
84,https://www.tuev-hessen.de,DE,0,0,0,0,0,0,0
85,https://www.emotion-technologies.de,DE,0,0,0,0,0,0,0
86,https://www.handwerk20.de,DE,0,0,0,0,0,0,0
87,http://www.das-bauerngärtchen.de,DE,0,0,0,0,0,0,0
88,https://www.rae-lingnau.de,DE,0,0,0,0,0,0,0
89,http://www.rae-herzog-partner.de,DE,0,0,0,0,0,0,0
90,https://www.bsh-energie.de,DE,0,0,0,0,0,0,0
91,http://www.ristorante-valle.de,DE,0,0,0,0,0,0,0
92,http://www.leniger-gmbh.de,DE,0,0,0,0,0,0,0
93,http://www.mohnblume-weissenhorn.de,DE,0,0,0,0,0,0,0
94,https://www.schoenheitsrausch.de,DE,0,0,0,0,0,0,0
95,http://www.dv-floor.de,DE,0,0,0,0,0,0,0
96,http://www.ztk-zahngesundheit.de,DE,0,0,0,0,0,0,0
97,https://www.audi-zentrum-osnabrueck.audi,DE,0,0,0,0,0,0,0
98,http://www.sns-partner.de,DE,0,0,0,0,0,0,0
99,http://www.fahrrad-harder.de,DE,0,0,0,0,0,0,0
100,http://www.tsp-law.com,DE,0,0,0,0,0,0,0
101,http://www.stattbahnhof.de,DE,0,0,0,0,0,0,0
102,https://www.koenigsweiss-zahnarzt-muenchen.de,DE,0,0,0,0,0,0,0
103,https://www.kunsthallerostock.de,DE,0,0,0,0,0,0,0
104,https://www.bades-gartenwelt.de,DE,0,0,0,0,0,0,0
105,https://www.feser-graf.de,DE,0,0,0,0,0,0,0
106,http://www.stirnweiss-brenner.de,DE,0,0,0,0,0,0,0
107,http://www.adler-naturfarben.de,DE,0,0,0,0,0,0,0
108,http://www.tanpopo-cafe.de,DE,0,0,0,0,0,0,0
109,https://www.schwarzlichtviertel.de,DE,0,0,0,0,0,0,0
110,https://www.celsior-refrigeration.com,DE,0,0,0,0,0,0,0
111,https://www.weitkamp.de,DE,0,0,0,0,0,0,0
112,https://www.patouthebarber.de,DE,0,0,0,0,0,0,0
113,http://www.barberiaquagliata.de,DE,0,0,0,0,0,0,0
114,https://www.loesdau.de,DE,0,0,0,0,0,0,0
115,http://www.knoepfel-versorgungstechnik.de,DE,0,0,0,0,0,0,0
116,https://www.globus-baumarkt.de,DE,0,0,0,0,0,0,0
117,http://www.becker-tiemann.de,DE,0,0,0,0,0,0,0
118,http://www.freisleben-moehle.de,DE,0,0,0,0,0,0,0
119,http://www.finanzamt-kempten.de,DE,0,0,0,0,0,0,0
120,https://www.steuerring.de,DE,0,0,0,0,0,0,0
121,https://www.alldent-zahnzentrum-stuttgart.de,DE,0,0,0,0,0,0,0
122,http://www.spkulm.de,DE,0,0,0,0,0,0,0
123,https://www.edeka.de,DE,0,0,0,0,0,0,0
124,http://www.storm-casinos.com,DE,0,0,0,0,0,0,0
125,https://www.wittkoetter.de,DE,0,0,0,0,0,0,0
126,https://www.yeahstudio.de,DE,0,0,0,0,0,0,0
127,https://www.sportscheck.com,DE,0,0,0,0,0,0,0
128,https://www.rebstock-gmbh.de,DE,0,0,0,0,0,0,0
129,https://www.hamburg.de,DE,0,0,0,0,0,0,0
130,http://www.maldaner1859.de,DE,0,0,0,0,0,0,0
131,http://www.kanzlei-geimke.de,DE,0,0,0,0,0,0,0
132,https://www.lidl.de,DE,0,0,0,0,0,0,0
133,https://www.merz.team,DE,0,0,0,0,0,0,0
134,http://albatrossberlin.com,DE,0,0,0,0,0,0,0
135,http://www.saegmueller.de,DE,0,0,0,0,0,0,0
136,http://www.gut-georgenberg.de,DE,0,0,0,0,0,0,0
137,http://www.guenthner-hls.de,DE,0,0,0,0,0,0,0
138,https://www.herbrand.de,DE,0,0,0,0,0,0,0
139,http://www.mrwash.de,DE,0,0,0,0,0,0,0
140,https://www.edeka-warnowpark.de,DE,0,0,0,0,0,0,0
141,http://www.locher-haustechnik.de,DE,0,0,0,0,0,0,0
142,https://www.marktkauf-suedwest.de,DE,0,0,0,0,0,0,0
143,https://www.dziolko-taxlaw.com,DE,0,0,0,0,0,0,0
144,http://www.johanneshof.de,DE,0,0,0,0,0,0,0
145,https://www.peter-goetz-gmbh.de,DE,0,0,0,0,0,0,0
146,https://www.scherer-gruppe.de,DE,0,0,0,0,0,0,0
147,http://www.roomers-hotels.com,DE,0,0,0,0,0,0,0
148,https://www.mercedes-benz-muenchen.de,DE,0,0,0,0,0,0,0
149,https://www.mercedes-benz-nuernberg.de,DE,0,0,0,0,0,0,0
150,https://www.rabe-bike.de,DE,0,0,0,0,0,0,0
151,http://www.jims-rostock.de,DE,0,0,0,0,0,0,0
152,https://www.carls-brauhaus.de,DE,0,0,0,0,0,0,0
153,http://www.zahnarztpraxis-kangal.de,DE,0,0,0,0,0,0,0
154,http://www.herford-elektro.de,DE,0,0,0,0,0,0,0
155,http://www.baumschule-igel.de,DE,0,0,0,0,0,0,0
156,http://www.pos-nuernberg.de,DE,0,0,0,0,0,0,0
157,http://www.cafeamneuensee.de,DE,0,0,0,0,0,0,0
158,https://www.sarapavo.de,DE,0,0,0,0,0,0,0
159,http://linklaters.de,DE,0,0,0,0,0,0,0
160,http://www.concorde-muenchen.de,DE,0,0,0,0,0,0,0
161,https://www.sixt.de,DE,0,0,0,0,0,0,0
162,http://www.etz-bayern.de,DE,0,0,0,0,0,0,0
163,https://www.atzert-weber.de,DE,0,0,0,0,0,0,0
164,http://www.praxis-schlauzahn.de,DE,0,0,0,0,0,0,0
165,http://www.raststaetten.de,DE,0,0,0,0,0,0,0
166,http://www.rueba.de,DE,0,0,0,0,0,0,0
167,https://dasmauerwerk.com,DE,0,0,0,0,0,0,0
168,http://henkel-reiss.de,DE,0,0,0,0,0,0,0
169,http://www.radcentrum.de,DE,0,0,0,0,0,0,0
170,http://michelbergerhotel.com,DE,0,0,0,0,0,0,0
171,http://www.loebke.com,DE,0,0,0,0,0,0,0
172,https://www.laserone.de,DE,0,0,0,0,0,0,0
173,http://www.injoy-schweinfurt.de,DE,0,0,0,0,0,0,0
174,http://bmw-zeisler.de,DE,0,0,0,0,0,0,0
175,https://www.c-and-a.com,DE,0,0,0,0,0,0,0
176,https://e-fg.de,DE,0,0,0,0,0,0,0
177,https://www.hausamwaldeltmann.de,DE,0,0,0,0,0,0,0
178,https://www.cube-store-kempten.de,DE,0,0,0,0,0,0,0
179,http://www.rsw-bc.de,DE,0,0,0,0,0,0,0
180,https://www.kurhaus-bad-bocklet.de,DE,0,0,0,0,0,0,0
181,https://adac-nordbayern.de,DE,0,0,0,0,0,0,0
182,http://mein-haus-am-see.com,DE,0,0,0,0,0,0,0
183,http://paolopinkel.berlin,DE,0,0,0,0,0,0,0
184,http://www.edeka-paschmann.de,DE,0,0,0,0,0,0,0
185,https://www.hochzeitsrausch.com,DE,0,0,0,0,0,0,0
186,https://www.raiba-ke-oa.de,DE,0,0,0,0,0,0,0
187,https://www.zahnarzt-reckziegel.de,DE,0,0,0,0,0,0,0
188,https://fahrrad-jordan.business.site,DE,0,0,0,0,0,0,0
189,https://pflanzen-ries.de,DE,0,0,0,0,0,0,0
190,https://www.seag-gmbh.de,DE,0,0,0,0,0,0,0
191,http://www.zausinger.de,DE,0,0,0,0,0,0,0
192,http://www.bikestation-weiden.de,DE,0,0,0,0,0,0,0
193,http://www.schulauer-faehrhaus.de,DE,0,0,0,0,0,0,0
194,https://www.wohntrends-lu.de,DE,0,0,0,0,0,0,0
195,http://www.gaertnereischlueter.de,DE,0,0,0,0,0,0,0
196,https://www.luffy-pancake.com,DE,0,0,0,0,0,0,0
197,http://www.eas-rostock.de,DE,0,0,0,0,0,0,0
198,http://www.cityhotel-stuttgart.de,DE,0,0,0,0,0,0,0
199,https://locations.thenorthface.de,DE,0,0,0,0,0,0,0
201,http://www.rowerk18.de,DE,0,0,0,0,0,0,0
202,https://www.antonius.de,DE,0,0,0,0,0,0,0
203,https://www.komesker.de,DE,0,0,0,0,0,0,0
204,http://www.dr-trossbach.de,DE,0,0,0,0,0,0,0
205,http://www.divino-wein.de,DE,0,0,0,0,0,0,0
206,http://www.krakow-nachf.de,DE,0,0,0,0,0,0,0
207,https://www.zollenspieker-faehrhaus.de,DE,0,0,0,0,0,0,0
208,https://www.arqis.com,DE,0,0,0,0,0,0,0
209,https://www.vanraam.com,DE,0,0,0,0,0,0,0
210,http://www.blumen-weimer.de,DE,0,0,0,0,0,0,0
211,http://www.spielbank-mainz.de,DE,0,0,0,0,0,0,0
212,https://www.drgomolka.de,DE,0,0,0,0,0,0,0
213,https://www.weingut-roemmert.de,DE,0,0,0,0,0,0,0
214,https://www.steuerportal-mv.de,DE,0,0,0,0,0,0,0
215,http://www.zollpackhof.de,DE,0,0,0,0,0,0,0
216,http://www.kartbahn-stralsund.de,DE,0,0,0,0,0,0,0
217,https://www.audalis.de,DE,0,0,0,0,0,0,0
218,https://www.my-mauritius.com,DE,0,0,0,0,0,0,0
219,http://brhhh.com,DE,0,0,0,0,0,0,0
220,https://www.rad-race.com,DE,0,0,0,0,0,0,0
221,https://www.pinsentmasons.com,DE,0,0,0,0,0,0,0
222,https://saparena.de,DE,0,0,0,0,0,0,0
223,https://www.adac.de,DE,0,0,0,0,0,0,0
224,http://www.bkk-firmus.de,DE,0,0,0,0,0,0,0
225,https://www.gkkpartners.de,DE,0,0,0,0,0,0,0
226,http://www.weingut-glaser.com,DE,0,0,0,0,0,0,0
227,https://www.jet.de,DE,0,0,0,0,0,0,0
228,https://www.cutaleya-hairsalon.de,DE,0,0,0,0,0,0,0
229,http://www.dr-beckstein.de,DE,0,0,0,0,0,0,0
230,https://konzept-weiss-muenchen.de,DE,0,0,0,0,0,0,0
231,https://www.landgasthof-zur-post.net,DE,0,0,0,0,0,0,0
233,https://www.muth-partner.de,DE,0,0,0,0,0,0,0
234,http://hairjordan.de,DE,0,0,0,0,0,0,0
235,https://book-qres.qr-hotels.com,DE,0,0,0,0,0,0,0
236,https://www.boesner.com,DE,0,0,0,0,0,0,0
237,https://www.gp-recht.de,DE,0,0,0,0,0,0,0
238,https://www.dr-zenner.de,DE,0,0,0,0,0,0,0
240,https://www.bollants.de,DE,0,0,0,0,0,0,0
241,http://www.salus-bkk.de,DE,0,0,0,0,0,0,0
242,http://www.rhoen-rennsteig-sparkasse.de,DE,0,0,0,0,0,0,0
243,http://www.klosterpforte.de,DE,0,0,0,0,0,0,0
244,http://www.isolier-wendt.de,DE,0,0,0,0,0,0,0
245,http://www.maler-klee.de,DE,0,0,0,0,0,0,0
246,https://justiz.hamburg.de,DE,0,0,0,0,0,0,0
247,http://www.oberpollinger.de,DE,0,0,0,0,0,0,0
248,http://www.grub-brugger.de,DE,0,0,0,0,0,0,0
249,http://www.jiz-muenchen.de,DE,0,0,0,0,0,0,0
250,http://www.cube-store-stuttgart-ost.de,DE,0,0,0,0,0,0,0
251,http://www.autohaus-axmann.de,DE,0,0,0,0,0,0,0
252,http://www.alter-fritz.de,DE,0,0,0,0,0,0,0
253,https://adventure-bikepark.com,DE,0,0,0,0,0,0,0
254,http://www.elektroahrens.de,DE,0,0,0,0,0,0,0
255,http://www.waessa-schuster.de,DE,0,0,0,0,0,0,0
256,https://www.burg-stettenfels.de,DE,0,0,0,0,0,0,0
257,http://brotique.bio,DE,0,0,0,0,0,0,0
258,https://www.jp-performance.de,DE,0,0,0,0,0,0,0
259,http://rehms-gmbh.de,DE,0,0,0,0,0,0,0
260,https://beck-pollitzer.com,DE,0,0,0,0,0,0,0
261,http://www.maler-enders.de,DE,0,0,0,0,0,0,0
262,http://www.hotel-fulda-mitte.de,DE,0,0,0,0,0,0,0
263,https://www.baron-knyphausen.de,DE,0,0,0,0,0,0,0
264,https://ruscher-noelke.de,DE,0,0,0,0,0,0,0
265,https://www.mercedes-benz-darmstadt.de,DE,0,0,0,0,0,0,0
266,http://www.yara.de,DE,0,0,0,0,0,0,0
267,http://www.fotoimpex.de,DE,0,0,0,0,0,0,0
268,http://www.pkf-wms.de,DE,0,0,0,0,0,0,0
269,http://www.netto.de,DE,0,0,0,0,0,0,0
270,http://www.burg-rabenstein.de,DE,0,0,0,0,0,0,0
271,https://home.kpmg,DE,0,0,0,0,0,0,0
273,https://www.baeckergoertz.de,DE,0,0,0,0,0,0,0
274,http://www.dritan-alsela.de,DE,0,0,0,0,0,0,0
275,http://www.parkhotel-stuttgart.de,DE,0,0,0,0,0,0,0
276,https://www.alma-park.de,DE,0,0,0,0,0,0,0
277,https://kinderdentist.de,DE,0,0,0,0,0,0,0
278,https://www.bmw-dortmund.de,DE,0,0,0,0,0,0,0
279,https://www.peek-cloppenburg.de,DE,0,0,0,0,0,0,0
280,https://weiss-malerwerkstaetten.de,DE,0,0,0,0,0,0,0
281,https://www.veregge-welz.de,DE,0,0,0,0,0,0,0
282,http://nevarneyok-stuttgart.de,DE,0,0,0,0,0,0,0
283,http://www.brueggemann-tga.de,DE,0,0,0,0,0,0,0
284,https://www.globetrotter.de,DE,0,0,0,0,0,0,0
285,http://www.blumenhaus-smedla.de,DE,0,0,0,0,0,0,0
286,https://www.riller-schnauck.de,DE,0,0,0,0,0,0,0
287,https://yotiy.com,DE,0,0,0,0,0,0,0
288,https://rosis-autohof.de,DE,0,0,0,0,0,0,0
289,https://www.gottfried-schultz.de,DE,0,0,0,0,0,0,0
290,http://www.playhousecasino.de,DE,0,0,0,0,0,0,0
291,http://maschek-automobile.de,DE,0,0,0,0,0,0,0
292,http://www.trigema.de,DE,0,0,0,0,0,0,0
293,https://www.speicherstadt-kaffee.de,DE,0,0,0,0,0,0,0
294,https://www.bar-centrale.com,DE,0,0,0,0,0,0,0
296,https://mehler-systems.com,DE,0,0,0,0,0,0,0
297,https://globalsalon.de,DE,0,0,0,0,0,0,0
298,http://casino-duisburg.de,DE,0,0,0,0,0,0,0
299,https://www.kfo-lauf.de,DE,0,0,0,0,0,0,0
300,http://www.novum.tv,DE,0,0,0,0,0,0,0
301,http://www.wossidlo-buchhandlung.de,DE,0,0,0,0,0,0,0
302,https://www.hotel-luise-mannheim.de,DE,0,0,0,0,0,0,0
304,https://www.gut-darss.de,DE,0,0,0,0,0,0,0
305,https://cafe.hardrock.com,DE,0,0,0,0,0,0,0
306,https://www.bessmann.de,DE,0,0,0,0,0,0,0
307,https://www.mey-hotel.de,DE,0,0,0,0,0,0,0
309,http://www.roedl.de,DE,0,0,0,0,0,0,0
310,https://www.hagisbarbershop.de,DE,0,0,0,0,0,0,0
311,http://www.scheidung-rostock.de,DE,0,0,0,0,0,0,0
312,http://www.resnhof.de,DE,0,0,0,0,0,0,0
313,https://www.dres-sieber.de,DE,0,0,0,0,0,0,0
314,http://www.casino-eightball.de,DE,0,0,0,0,0,0,0
315,http://www.reipa-elektro.de,DE,0,0,0,0,0,0,0
316,https://www.tankhof-sauerlach.de,DE,0,0,0,0,0,0,0
317,http://www.fahrstil-radladen.de,DE,0,0,0,0,0,0,0
318,http://www.turncable.de,DE,0,0,0,0,0,0,0
319,https://www.oralchirurgie.com,DE,0,0,0,0,0,0,0
320,http://www.alsterperle.com,DE,0,0,0,0,0,0,0
321,http://mainzstrand.de,DE,0,0,0,0,0,0,0
322,https://www.gum-and-fun.info,DE,0,0,0,0,0,0,0
323,http://www.uptmoorbuch.de,DE,0,0,0,0,0,0,0
324,https://zahnarztpraxiskuenzell.de,DE,0,0,0,0,0,0,0
325,http://www.zahnklinik-ost.de,DE,0,0,0,0,0,0,0
326,http://www.boetz.de,DE,0,0,0,0,0,0,0
327,http://www.schumacher-einhausen.de,DE,0,0,0,0,0,0,0
328,http://www.jiggerandspoon.de,DE,0,0,0,0,0,0,0
329,https://ad.doubleclick.net,DE,0,0,0,0,0,0,0
330,http://wunderlandkalkar.eu,DE,0,0,0,0,0,0,0
331,https://www.rhoen-kaelte.de,DE,0,0,0,0,0,0,0
332,http://www.mkg-chirurgie-stralsund.de,DE,0,0,0,0,0,0,0
333,http://www.elektro-venn.de,DE,0,0,0,0,0,0,0
335,http://www.kaiserhof-victoria.de,DE,0,0,0,0,0,0,0
336,https://www.hollenbach24.de,DE,0,0,0,0,0,0,0
337,https://irsee.com,DE,0,0,0,0,0,0,0
338,http://www.friseurlounge-selin.de,DE,0,0,0,0,0,0,0
339,https://gladbeck.vandervalk.de,DE,0,0,0,0,0,0,0
340,http://www.baeckereikohler.de,DE,0,0,0,0,0,0,0
341,http://www.cafeeinstein.de,DE,0,0,0,0,0,0,0
342,https://zeb-consulting.com,DE,0,0,0,0,0,0,0
343,http://www.blumen-dahlmann.de,DE,0,0,0,0,0,0,0
344,http://www.elektro-koppen.com,DE,0,0,0,0,0,0,0
345,https://stores.footlocker.de,DE,0,0,0,0,0,0,0
346,https://www.dallmayr.com,DE,0,0,0,0,0,0,0
347,https://camper-markenwelt.de,DE,0,0,0,0,0,0,0
348,http://baytemuer.de,DE,0,0,0,0,0,0,0
349,https://gebr-wachs.de,DE,0,0,0,0,0,0,0
350,http://www.sero-cut.de,DE,0,0,0,0,0,0,0
351,https://mainz.bestdutchonlinecasino.com,DE,0,0,0,0,0,0,0
352,https://www.artemisia.de,DE,0,0,0,0,0,0,0
353,http://www.hehl-palatia.de,DE,0,0,0,0,0,0,0
354,https://www.kamb.de,DE,0,0,0,0,0,0,0
355,http://www.davidfitness.de,DE,0,0,0,0,0,0,0
356,http://www.streitboerger.de,DE,0,0,0,0,0,0,0
357,https://www.es-kanzlei.de,DE,0,0,0,0,0,0,0
358,http://www.riewesell.de,DE,0,0,0,0,0,0,0
359,http://www.factpartner.de,DE,0,0,0,0,0,0,0
360,https://ebm-os.de,DE,0,0,0,0,0,0,0
361,http://bechert-haustechnik.de,DE,0,0,0,0,0,0,0
362,https://www.camp4.de,DE,0,0,0,0,0,0,0
363,http://www.klunkerkranich.org,DE,0,0,0,0,0,0,0
364,https://tankstellenpartner.eu,DE,0,0,0,0,0,0,0
365,http://www.zahnaerzte-am-centro.de,DE,0,0,0,0,0,0,0
366,https://cube-store.nanobike.de,DE,0,0,0,0,0,0,0
367,http://www.boulderhalle-e4.de,DE,0,0,0,0,0,0,0
368,http://www.kpelektrotechnik.de,DE,0,0,0,0,0,0,0
369,https://www.apple.com,DE,0,0,0,0,0,0,0
370,https://www.aok.de,DE,0,0,0,0,0,0,0
372,https://gd-friseure.de,DE,0,0,0,0,0,0,0
373,https://www.reitsport-manski.de,DE,0,0,0,0,0,0,0
374,https://www.mundwerk-hamburg.de,DE,0,0,0,0,0,0,0
376,http://www.tax-manager.de,DE,0,0,0,0,0,0,0
377,http://www.elektro-reimer.com,DE,0,0,0,0,0,0,0
378,http://www.reisemobilland-moenchhagen.de,DE,0,0,0,0,0,0,0
379,http://www.gartencenter-rostock.de,DE,0,0,0,0,0,0,0
380,https://www.brochier-gruppe.de,DE,0,0,0,0,0,0,0
381,https://www.allguth.de,DE,0,0,0,0,0,0,0
382,https://www.elektro-freitag.de,DE,0,0,0,0,0,0,0
383,http://www.gns.de,DE,0,0,0,0,0,0,0
384,https://www.enistation.de,DE,0,0,0,0,0,0,0
385,http://www.schluessel-kurth.de,DE,0,0,0,0,0,0,0
386,https://www.gdk-rostock.de,DE,0,0,0,0,0,0,0
387,https://www.kuhstallcafe.de,DE,0,0,0,0,0,0,0
388,https://sellwerk.de,DE,0,0,0,0,0,0,0
389,https://starsbarbier.de,DE,0,0,0,0,0,0,0
390,https://www.gaertnerei-haucap.de,DE,0,0,0,0,0,0,0
391,https://www.audi-zentrum-muenchen-albrechtstrasse.audi,DE,0,0,0,0,0,0,0
392,http://www.pathes-hof.de,DE,0,0,0,0,0,0,0
393,https://autohaus-blunck.de,DE,0,0,0,0,0,0,0
394,https://www.novacura-zahnaerzte.de,DE,0,0,0,0,0,0,0
395,http://www.moll.de,DE,0,0,0,0,0,0,0
396,https://luth-sanitaer.de,DE,0,0,0,0,0,0,0
397,http://www.drrosso.de,DE,0,0,0,0,0,0,0
398,http://merkur-spielhalle.de,DE,0,0,0,0,0,0,0
399,http://www.elektro-drews.de,DE,0,0,0,0,0,0,0
400,http://www.sulzburghof.de,DE,0,0,0,0,0,0,0
401,http://www.texaslonghorn.de,DE,0,0,0,0,0,0,0
402,http://www.fischereihof.de,DE,0,0,0,0,0,0,0
403,http://www.lustiger-hirsch.de,DE,0,0,0,0,0,0,0
404,https://www.a2amsee.de,DE,0,0,0,0,0,0,0
405,https://www.schenke.de,DE,0,0,0,0,0,0,0
406,https://heisan-gmbh.de,DE,0,0,0,0,0,0,0
407,https://eggert-service.bmw,DE,0,0,0,0,0,0,0
408,https://www.schlegelgmbh.de,DE,0,0,0,0,0,0,0
409,https://www.kerstingjohaenner.de,DE,0,0,0,0,0,0,0
411,http://www.fahrrad-barten.de,DE,0,0,0,0,0,0,0
412,http://www.schneidergeiwitz.de,DE,0,0,0,0,0,0,0
413,http://www.moorbadstuben.de,DE,0,0,0,0,0,0,0
414,https://www.elektrobau-sued.de,DE,0,0,0,0,0,0,0
415,https://www.autohaus-royal.de,DE,0,0,0,0,0,0,0
416,http://www.combe.de,DE,0,0,0,0,0,0,0
417,http://www.j-store-hamburg.de,DE,0,0,0,0,0,0,0
418,http://www.naan-barmbek.de,DE,0,0,0,0,0,0,0
419,https://www.hilker-solar.de,DE,0,0,0,0,0,0,0
422,https://www.pflanzen-koelle.de,DE,0,0,0,0,0,0,0
423,https://leo-barber-hair-salon.business.site,DE,0,0,0,0,0,0,0
424,https://www.matthies.de,DE,0,0,0,0,0,0,0
425,http://www.bklotz.de,DE,0,0,0,0,0,0,0
426,https://www.bauer-netz.de,DE,0,0,0,0,0,0,0
427,https://first-class-damen-herren-friseur.business.site,DE,0,0,0,0,0,0,0
428,https://anteplioglu.de,DE,0,0,0,0,0,0,0
429,https://www.cube-store-ludwigsburg.de,DE,0,0,0,0,0,0,0
430,https://www.sport-ludwig.de,DE,0,0,0,0,0,0,0
431,https://filialen.aldi-sued.de,DE,0,0,0,0,0,0,0
432,https://www.v-markt.de,DE,0,0,0,0,0,0,0
433,https://www.ihk.de,DE,0,0,0,0,0,0,0
434,http://www.dr-meiritz.de,DE,0,0,0,0,0,0,0
435,https://www.wuerzburg.ihk.de,DE,0,0,0,0,0,0,0
436,http://www.tasfirini.com,DE,0,0,0,0,0,0,0
437,http://www.abbeiz.de,DE,0,0,0,0,0,0,0
438,https://berlin-beta.bestdutchonlinecasino.com,DE,0,0,0,0,0,0,0
439,https://speisekartenweb.de,DE,0,0,0,0,0,0,0
440,http://www.choclet.info,DE,0,0,0,0,0,0,0
441,https://www.bmw-muenchen.de,DE,0,0,0,0,0,0,0
442,https://www.kkh.de,DE,0,0,0,0,0,0,0
443,https://www.haus-neuland.de,DE,0,0,0,0,0,0,0
444,http://www.zahn-gesundheitszentrum.de,DE,0,0,0,0,0,0,0
445,http://www.s-n-g.eu,DE,0,0,0,0,0,0,0
446,https://www.riu.com,DE,0,0,0,0,0,0,0
447,http://www.r-m-k.de,DE,0,0,0,0,0,0,0
448,https://www.liquidrom-berlin.de,DE,0,0,0,0,0,0,0
449,http://www.hirschgarten.de,DE,0,0,0,0,0,0,0
451,https://www.droeder-logistik.de,DE,0,0,0,0,0,0,0
452,http://www.glattt.com,DE,0,0,0,0,0,0,0
453,http://www.abc-florist-neuhann.de,DE,0,0,0,0,0,0,0
454,http://www.alte-fasanerie-luebars.de,DE,0,0,0,0,0,0,0
455,https://www.ruby-hotels.com,DE,0,0,0,0,0,0,0
456,https://www.friedmann-gmbh.de,DE,0,0,0,0,0,0,0
457,http://www.mindsquare.de,DE,0,0,0,0,0,0,0
458,https://autohaus-seitz.de,DE,0,0,0,0,0,0,0
459,http://www.eibl.de,DE,0,0,0,0,0,0,0
460,http://dieholzkugel.de,DE,0,0,0,0,0,0,0
461,http://www.schmuecker-hof.de,DE,0,0,0,0,0,0,0
462,http://www.drhamann.de,DE,0,0,0,0,0,0,0
463,https://littlejohnbikes.de,DE,0,0,0,0,0,0,0
464,http://www.porsche-duesseldorf.de,DE,0,0,0,0,0,0,0
465,http://www.haustechnik.hamburg,DE,0,0,0,0,0,0,0
466,https://www.meinreal.de,DE,0,0,0,0,0,0,0
467,http://dentalwhite.store,DE,0,0,0,0,0,0,0
468,https://www.wyndhamhotels.com,DE,0,0,0,0,0,0,0
469,https://www.ford-poellot-feucht.de,DE,0,0,0,0,0,0,0
470,https://www.bmw-berlin.de,DE,0,0,0,0,0,0,0
471,https://stutzenmuhle.business.site,DE,0,0,0,0,0,0,0
472,https://ligula.se,DE,0,0,0,0,0,0,0
473,https://movenpick.accor.com,DE,0,0,0,0,0,0,0
474,https://www.tuev-nord.de,DE,0,0,0,0,0,0,0
475,http://www.spaethsche-baumschulen.de,DE,0,0,0,0,0,0,0
476,https://www.fritsche-elektro.de,DE,0,0,0,0,0,0,0
477,https://www.etl.de,DE,0,0,0,0,0,0,0
478,http://www.forellenhof-roessle.de,DE,0,0,0,0,0,0,0
479,http://www.bestsecret.com,DE,0,0,0,0,0,0,0
480,https://lokmam.de,DE,0,0,0,0,0,0,0
481,https://celona.de,DE,0,0,0,0,0,0,0
483,http://www.wildwakepark.de,DE,0,0,0,0,0,0,0
485,http://www.erdbeerhof-aschentrup.de,DE,0,0,0,0,0,0,0
486,http://www.edeka-tamme.de,DE,0,0,0,0,0,0,0
487,http://www.graffiti-cans.com,DE,0,0,0,0,0,0,0
488,http://www.rpp.de,DE,0,0,0,0,0,0,0
489,https://www.eschenburg-ekk.de,DE,0,0,0,0,0,0,0
490,https://mens-place-barbier.mytreatwell.de,DE,0,0,0,0,0,0,0
491,http://www.autohaus-weeber.de,DE,0,0,0,0,0,0,0
492,http://www.wepler-scheja.de,DE,0,0,0,0,0,0,0
493,https://anwaltrostock.de,DE,0,0,0,0,0,0,0
494,http://www.littletiana.de,DE,0,0,0,0,0,0,0
495,http://www.bergerhof.de,DE,0,0,0,0,0,0,0
496,https://www.vvrbank-krp.de,DE,0,0,0,0,0,0,0
497,http://www.hotel-am-hechenberg.de,DE,0,0,0,0,0,0,0
498,https://www.liquid-life.de,DE,0,0,0,0,0,0,0
499,http://www.mahlerundboehm.de,DE,0,0,0,0,0,0,0
500,https://www.taylorwessing.com,DE,0,0,0,0,0,0,0
501,http://www.finanzamt-kaufbeuren.de,DE,0,0,0,0,0,0,0
502,http://www.caravelle-kreuznach.de,DE,0,0,0,0,0,0,0
503,https://www.leonardo-hotels.de,DE,0,0,0,0,0,0,0
504,https://www.eversheds-sutherland.com,DE,0,0,0,0,0,0,0
505,http://www.pkf-fasselt.de,DE,0,0,0,0,0,0,0
506,https://fair-play-casino.de,DE,0,0,0,0,0,0,0
507,http://www.wolfmaier-haustechnik.de,DE,0,0,0,0,0,0,0
508,http://www.boulderwelt-muenchen-ost.de,DE,0,0,0,0,0,0,0
509,https://www.alba-cafe.de,DE,0,0,0,0,0,0,0
510,http://www.shakespeareandsons.com,DE,0,0,0,0,0,0,0
511,http://kanzlei-mwh.de,DE,0,0,0,0,0,0,0
512,https://www.jacques.de,DE,0,0,0,0,0,0,0
513,http://www.arminia-bielefeld.de,DE,0,0,0,0,0,0,0
514,http://www.spina.de,DE,0,0,0,0,0,0,0
515,https://siemens.de,DE,0,0,0,0,0,0,0
516,http://www.harley-hh.de,DE,0,0,0,0,0,0,0
517,https://rueyamdoener.de,DE,0,0,0,0,0,0,0
518,http://www.knarr-knopp.de,DE,0,0,0,0,0,0,0
519,https://www.jebe.de,DE,0,0,0,0,0,0,0
520,http://www.gaumentanz.de,DE,0,0,0,0,0,0,0
521,https://www.dein-marktkauf.de,DE,0,0,0,0,0,0,0
522,https://paulaner-nockherberg.com,DE,0,0,0,0,0,0,0
523,http://www.wo-der-hahn-kraeht.de,DE,0,0,0,0,0,0,0
524,https://www.kraemer.de,DE,0,0,0,0,0,0,0
525,http://www.dein-glashaus.de,DE,0,0,0,0,0,0,0
526,http://www.bazle.de,DE,0,0,0,0,0,0,0
527,https://www.loesch-autovermietung.de,DE,0,0,0,0,0,0,0
528,http://www.blumen-lederer.de,DE,0,0,0,0,0,0,0
529,https://esysteme21.de,DE,0,0,0,0,0,0,0
530,https://www.zahninsel.de,DE,0,0,0,0,0,0,0
531,http://www.hotel-camenz-guestrow.de,DE,0,0,0,0,0,0,0
532,https://www.sanartec.de,DE,0,0,0,0,0,0,0
533,http://www.ewg-elektro.de,DE,0,0,0,0,0,0,0
534,http://www.fachzahnarzt-praxis.de,DE,0,0,0,0,0,0,0
535,https://boc24.de,DE,0,0,0,0,0,0,0
536,https://www.blumen-risse.de,DE,0,0,0,0,0,0,0
537,https://www.berlin.de,DE,0,0,0,0,0,0,0
538,http://www.schindelar.de,DE,0,0,0,0,0,0,0
539,http://www.lufthansa-seeheim.de,DE,0,0,0,0,0,0,0
540,https://www.derwaldgeist.de,DE,0,0,0,0,0,0,0
541,http://www.rechtsanwaeltinlorenz.de,DE,0,0,0,0,0,0,0
542,http://www.cphcoffeelab.com,DE,0,0,0,0,0,0,0
543,https://www.lefers.de,DE,0,0,0,0,0,0,0
544,http://www.zillmer-elektrotechnik.de,DE,0,0,0,0,0,0,0
545,https://www.cube-store-rostock.de,DE,0,0,0,0,0,0,0
546,http://www.p1-club.de,DE,0,0,0,0,0,0,0
547,https://www.zahn33.de,DE,0,0,0,0,0,0,0
548,http://www.zeitlos.group,DE,0,0,0,0,0,0,0
549,http://www.zahnfee-norderstedt.de,DE,0,0,0,0,0,0,0
550,http://www.conticoatings.com,DE,0,0,0,0,0,0,0
551,http://www.steng-lauffen.de,DE,0,0,0,0,0,0,0
552,http://www.cinecitta.de,DE,0,0,0,0,0,0,0
553,http://patriot-autos.net,DE,0,0,0,0,0,0,0
554,https://mobil-krankenkasse.de,DE,0,0,0,0,0,0,0
555,https://landgasthof-buch.de,DE,0,0,0,0,0,0,0
556,https://www.adac-nordrhein.de,DE,0,0,0,0,0,0,0
557,http://www.battenheimerhof.com,DE,0,0,0,0,0,0,0
558,http://www.cityhotel-ahlen.de,DE,0,0,0,0,0,0,0
559,http://www.kauver-oberhausen.de,DE,0,0,0,0,0,0,0
560,http://www.b-braunger.de,DE,0,0,0,0,0,0,0
562,http://www.mainzer-golfclub.de,DE,0,0,0,0,0,0,0
563,https://www.bdo.de,DE,0,0,0,0,0,0,0
564,http://www.auto-strobel.de,DE,0,0,0,0,0,0,0
565,https://www.christl-schowalter.de,DE,0,0,0,0,0,0,0
566,https://julius-brantner.de,DE,0,0,0,0,0,0,0
567,http://www.daimler-mobility.com,DE,0,0,0,0,0,0,0
568,http://www.bosch-engineering.de,DE,0,0,0,0,0,0,0
569,http://www.westfalen-tankstellen.de,DE,0,0,0,0,0,0,0
570,http://www.sta-muenster.nrw.de,DE,0,0,0,0,0,0,0
571,https://www.jako-o.com,DE,0,0,0,0,0,0,0
572,https://www.gc-gruppe.de,DE,0,0,0,0,0,0,0
573,https://www.orthopoint.de,DE,0,0,0,0,0,0,0
574,http://www.kutter-pflanzen.de,DE,0,0,0,0,0,0,0
575,https://www.adentics.de,DE,0,0,0,0,0,0,0
576,http://www.landhotel-muenster.de,DE,0,0,0,0,0,0,0
577,https://www.till-werner-fotografie.de,DE,0,0,0,0,0,0,0
578,https://www.befurt.de,DE,0,0,0,0,0,0,0
579,http://www.chinaturm.de,DE,0,0,0,0,0,0,0
581,http://www.casino-ibiza.de,DE,0,0,0,0,0,0,0
582,https://schwedischer-farbenhandel.de,DE,0,0,0,0,0,0,0
583,https://brunos.de,DE,0,0,0,0,0,0,0
584,https://ku64.de,DE,0,0,0,0,0,0,0
585,http://www.autohaus-pietsch.de,DE,0,0,0,0,0,0,0
586,http://www.brandt-bikes-rostock.com,DE,0,0,0,0,0,0,0
587,http://www.radwelt-harsefeld.de,DE,0,0,0,0,0,0,0
588,http://www.skaliks-sohn.de,DE,0,0,0,0,0,0,0
589,http://outlet-ravennapark.de,DE,0,0,0,0,0,0,0
590,http://www.blumenparadies.de,DE,0,0,0,0,0,0,0
591,https://www.contax-muschlin.de,DE,0,0,0,0,0,0,0
592,http://www.ekrebs.de,DE,0,0,0,0,0,0,0
593,http://www.rampendahl.de,DE,0,0,0,0,0,0,0
594,http://www.autohaus-arnold.de,DE,0,0,0,0,0,0,0
595,https://089-bar.de,DE,0,0,0,0,0,0,0
596,http://fight-clubcasino.de,DE,0,0,0,0,0,0,0
597,https://www.hnw-fulda.de,DE,0,0,0,0,0,0,0
598,https://www.chumbos.de,DE,0,0,0,0,0,0,0
599,http://www.ermstalfischerei.de,DE,0,0,0,0,0,0,0
600,https://lottental.de,DE,0,0,0,0,0,0,0
601,https://tripinn-hotels.com,DE,0,0,0,0,0,0,0
603,https://sonnenkeller.de,DE,0,0,0,0,0,0,0
604,http://www.gwi-elektrotechnik.de,DE,0,0,0,0,0,0,0
605,http://www.justiz.bayern.de,DE,0,0,0,0,0,0,0
606,https://www.zahnarzt-praxis-ravensburg.de,DE,0,0,0,0,0,0,0
607,https://www.elektromotoren-holder.de,DE,0,0,0,0,0,0,0
608,http://www.trapp-hls.de,DE,0,0,0,0,0,0,0
609,https://hagelauer.de,DE,0,0,0,0,0,0,0
610,http://www.grünerjäger-os.de,DE,0,0,0,0,0,0,0
611,https://www.drstarck-darmstadt.de,DE,0,0,0,0,0,0,0
612,http://www.schoofs-haustechnik.de,DE,0,0,0,0,0,0,0
613,http://www.eeatec.de,DE,0,0,0,0,0,0,0
614,http://www.arndt-urban.de,DE,0,0,0,0,0,0,0
615,http://www.malerfischer.com,DE,0,0,0,0,0,0,0
616,https://buo.de,DE,0,0,0,0,0,0,0
617,https://www.hotel-zur-bever.de,DE,0,0,0,0,0,0,0
618,https://www.cousinsbarber.de,DE,0,0,0,0,0,0,0
619,https://www.kieferchirurgie-koenigsallee-duesseldorf.de,DE,0,0,0,0,0,0,0
620,https://www.rioca.eu,DE,0,0,0,0,0,0,0
621,http://www.medeco.de,DE,0,0,0,0,0,0,0
622,https://www.feenstra.de,DE,0,0,0,0,0,0,0
623,https://www.rupprich-wohnwerk.de,DE,0,0,0,0,0,0,0
624,https://www.kinderpluszahnarzt.berlin,DE,0,0,0,0,0,0,0
625,http://www.dentsandmore.de,DE,0,0,0,0,0,0,0
626,http://www.steuerberaterkammer-muenchen.de,DE,0,0,0,0,0,0,0
627,http://www.dentalplus.de,DE,0,0,0,0,0,0,0
628,http://www.blumen-baruch.de,DE,0,0,0,0,0,0,0
629,https://www.maba-gmbh.de,DE,0,0,0,0,0,0,0
631,http://www.zahnarztpraxis-fishkin.de,DE,0,0,0,0,0,0,0
632,http://www.steigerwaldmobile.de,DE,0,0,0,0,0,0,0
633,http://www.bluetenburg.de,DE,0,0,0,0,0,0,0
634,http://www.elektroanlagen-herz.de,DE,0,0,0,0,0,0,0
635,https://www.autosinger.de,DE,0,0,0,0,0,0,0
636,http://www.spielbank-stuttgart.de,DE,0,0,0,0,0,0,0
637,https://mohr-maler.de,DE,0,0,0,0,0,0,0
638,http://www.finanzamt-kaiserslautern.de,DE,0,0,0,0,0,0,0
639,https://www.gladbeck-zahnarzt.de,DE,0,0,0,0,0,0,0
640,https://studiolinne.de,DE,0,0,0,0,0,0,0
641,http://www.lieblingsblume-rostock.de,DE,0,0,0,0,0,0,0
642,http://www.information-services.basf.com,DE,0,0,0,0,0,0,0
643,http://cinnamood.de,DE,0,0,0,0,0,0,0
644,https://www.tk.de,DE,0,0,0,0,0,0,0
645,http://www.takumi-duesseldorf.de,DE,0,0,0,0,0,0,0
647,https://forum-duisburg.klepierre.de,DE,0,0,0,0,0,0,0
648,http://nockmann-gerstberger.de,DE,0,0,0,0,0,0,0
649,https://www.backstage.info,DE,0,0,0,0,0,0,0
650,http://www.kanzleiammuenster.de,DE,0,0,0,0,0,0,0
651,https://rechtsanwalt-faisst.de,DE,0,0,0,0,0,0,0
652,https://www.gentilegusto.de,DE,0,0,0,0,0,0,0
653,http://elmatic.com,DE,0,0,0,0,0,0,0
654,https://www.truma.com,DE,0,0,0,0,0,0,0
655,http://www.dax-sports.com,DE,0,0,0,0,0,0,0
656,http://www.angelangt.de,DE,0,0,0,0,0,0,0
657,https://www.thiel-gruppe.de,DE,0,0,0,0,0,0,0
658,http://www.autohof-lippetal.de,DE,0,0,0,0,0,0,0
659,https://www.bernsteinreiter.de,DE,0,0,0,0,0,0,0
660,https://flormarkt.de,DE,0,0,0,0,0,0,0
661,http://www.hotel-tiergarten.de,DE,0,0,0,0,0,0,0
662,http://www.umamiramen.de,DE,0,0,0,0,0,0,0
663,http://www.klostergaertnerei.drw.de,DE,0,0,0,0,0,0,0
664,http://www.maler-haubner.de,DE,0,0,0,0,0,0,0
665,http://cocoon-beautycare.com,DE,0,0,0,0,0,0,0
666,http://www.koepke-elektromontagen.de,DE,0,0,0,0,0,0,0
667,http://www.hans-meyer-elektrotechnik.de,DE,0,0,0,0,0,0,0
668,http://www.wegra-anlagenbau.de,DE,0,0,0,0,0,0,0
669,http://www.oppenlaender.de,DE,0,0,0,0,0,0,0
670,http://www.barbierhk.de,DE,0,0,0,0,0,0,0
671,https://www.grandhotel-heiligendamm.de,DE,0,0,0,0,0,0,0
672,http://www.feines-vom-bauernhof.de,DE,0,0,0,0,0,0,0
673,https://www.spargelhof-klaistow.de,DE,0,0,0,0,0,0,0
674,https://demaps.top,DE,0,0,0,0,0,0,0
675,http://www.wagnersjuicery.com,DE,0,0,0,0,0,0,0
676,https://www.stark-gruppe.de,DE,0,0,0,0,0,0,0
677,http://www.ginis-zahnaerzte.de,DE,0,0,0,0,0,0,0
678,http://www.wendelstein-hotel.de,DE,0,0,0,0,0,0,0
679,https://www.ford-gaul-klamt-badkissingen.de,DE,0,0,0,0,0,0,0
680,https://www.gartencenter-kemper.de,DE,0,0,0,0,0,0,0
681,https://all.accor.com,DE,0,0,0,0,0,0,0
682,http://www.lillich.de,DE,0,0,0,0,0,0,0
683,https://www.taunus-auto.de,DE,0,0,0,0,0,0,0
684,https://www.spiel-in.de,DE,0,0,0,0,0,0,0
685,http://www.blume2000.de,DE,0,0,0,0,0,0,0
686,http://www.sta-duesseldorf.nrw.de,DE,0,0,0,0,0,0,0
687,https://www.hotel-allgaeu-garni.de,DE,0,0,0,0,0,0,0
688,https://www.elektroinstallation-lebing.de,DE,0,0,0,0,0,0,0
689,http://www.obelink.eu,DE,0,0,0,0,0,0,0
690,https://www.berner-gmbh.com,DE,0,0,0,0,0,0,0
691,https://www.stork-oberflaechentechnik.de,DE,0,0,0,0,0,0,0
692,https://www.instagram.com,DE,0,0,0,0,0,0,0
693,https://haarhelden.com,DE,0,0,0,0,0,0,0
694,http://www.leinemann-partner.de,DE,0,0,0,0,0,0,0
695,https://autowerkstatt.atu.de,DE,0,0,0,0,0,0,0
696,http://www.cotidiano.de,DE,0,0,0,0,0,0,0
697,http://www.pleitegeier2.de,DE,0,0,0,0,0,0,0
698,https://www.spiering.de,DE,0,0,0,0,0,0,0
699,http://hongyunlai-ulm.de,DE,0,0,0,0,0,0,0
700,http://www.sta-duisburg.nrw.de,DE,0,0,0,0,0,0,0
701,http://www.factory-buffet.de,DE,0,0,0,0,0,0,0
702,https://new.siemens.com,DE,0,0,0,0,0,0,0
703,http://www.berliner-ausbau.de,DE,0,0,0,0,0,0,0
704,https://rechtsanwalt-gero-loyens-fachanwalt-fur-strafrecht.business.site,DE,0,0,0,0,0,0,0
705,https://www.styles-hotel-frankfurt.de,DE,0,0,0,0,0,0,0
706,http://www.kfo-schweinfurt.de,DE,0,0,0,0,0,0,0
707,https://www.sparkasse-nuernberg.de,DE,0,0,0,0,0,0,0
708,http://www.finanzamt-schwandorf.de,DE,0,0,0,0,0,0,0
709,http://www.papperts.de,DE,0,0,0,0,0,0,0
710,http://www.baua.de,DE,0,0,0,0,0,0,0
711,http://www.bike-and-style.de,DE,0,0,0,0,0,0,0
712,https://barbershophairport.business.site,DE,0,0,0,0,0,0,0
713,http://www.dein-dental-mannheim.de,DE,0,0,0,0,0,0,0
714,http://www.del-tufo.de,DE,0,0,0,0,0,0,0
715,https://www.fine-esthetics.de,DE,0,0,0,0,0,0,0
716,https://hyundai.auto-eggert.com,DE,0,0,0,0,0,0,0
717,https://www.sport-schuster.de,DE,0,0,0,0,0,0,0
718,http://www.bauerngarten-benninghoven.de,DE,0,0,0,0,0,0,0
719,http://www.senne-hotel.de,DE,0,0,0,0,0,0,0
720,http://www.trane.de,DE,0,0,0,0,0,0,0
721,http://www.optitherm.de,DE,0,0,0,0,0,0,0
722,https://snockscoffee.com,DE,0,0,0,0,0,0,0
723,https://carhire.one,DE,0,0,0,0,0,0,0
724,https://www.hotelneumarkt.de,DE,0,0,0,0,0,0,0
725,http://www.christ-wagenseil.de,DE,0,0,0,0,0,0,0
726,https://www.h-hotels.com,DE,0,0,0,0,0,0,0
727,https://madisonhotel.de,DE,0,0,0,0,0,0,0
728,http://rehe.de,DE,0,0,0,0,0,0,0
729,http://bullerei.com,DE,0,0,0,0,0,0,0
730,http://www.rapha.cc,DE,0,0,0,0,0,0,0
731,https://www.sparkasse-dortmund.de,DE,0,0,0,0,0,0,0
732,https://www.kki-gmbh.de,DE,0,0,0,0,0,0,0
733,http://www.haenfling.de,DE,0,0,0,0,0,0,0
734,https://www.munich-urban-colab.de,DE,0,0,0,0,0,0,0
735,http://www.strobel-lamm.de,DE,0,0,0,0,0,0,0
736,http://www.blaue-boje.de,DE,0,0,0,0,0,0,0
737,http://www.otto-blumen.de,DE,0,0,0,0,0,0,0
739,https://www.hotelamrothenbaum.de,DE,0,0,0,0,0,0,0
741,http://www.hirsch-nu.de,DE,0,0,0,0,0,0,0
742,https://www.psp.eu,DE,0,0,0,0,0,0,0
743,http://kuhn-elektro.de,DE,0,0,0,0,0,0,0
744,https://ana-hotels.com,DE,0,0,0,0,0,0,0
745,http://www.vital-hotel.de,DE,0,0,0,0,0,0,0
746,http://www.platow-maler.de,DE,0,0,0,0,0,0,0
747,https://www.oediv.de,DE,0,0,0,0,0,0,0
748,http://www.mammut.com,DE,0,0,0,0,0,0,0
749,http://www.derma-nuernberg.de,DE,0,0,0,0,0,0,0
750,https://www.bkk-verbundplus.de,DE,0,0,0,0,0,0,0
751,http://www.steinhaeuser-huemmer.de,DE,0,0,0,0,0,0,0
752,http://www.autenrieth-wehner.de,DE,0,0,0,0,0,0,0
753,http://www.erdbeerhof-kaack.de,DE,0,0,0,0,0,0,0
754,https://www.megabike24.de,DE,0,0,0,0,0,0,0
755,http://www.ehf-ip.com,DE,0,0,0,0,0,0,0
756,https://www.franz-lohr.de,DE,0,0,0,0,0,0,0
757,http://www.finanzamt-oberhausen-nord.de,DE,0,0,0,0,0,0,0
758,https://www.bad-gmbh.de,DE,0,0,0,0,0,0,0
759,http://www.finanzamt-immenstadt.de,DE,0,0,0,0,0,0,0
760,http://www.jb-fotografie.de,DE,0,0,0,0,0,0,0
761,https://finanzamt.hessen.de,DE,0,0,0,0,0,0,0
762,http://www.spiekermann-partner.de,DE,0,0,0,0,0,0,0
763,http://www.exclusivehairbymelanie.com,DE,0,0,0,0,0,0,0
764,http://www.sos-handyservice.de,DE,0,0,0,0,0,0,0
765,http://www.mueller-rethwisch.de,DE,0,0,0,0,0,0,0
766,https://find.shell.com,DE,0,0,0,0,0,0,0
767,http://www.can-supermarkt.de,DE,0,0,0,0,0,0,0
768,http://www.aydinbaeckerei.de,DE,0,0,0,0,0,0,0
769,https://bikespot-shop.de,DE,0,0,0,0,0,0,0
770,http://www.25hours-hotels.com,DE,0,0,0,0,0,0,0
771,http://thesevensundays.de,DE,0,0,0,0,0,0,0
772,https://www.grossefreiheit36.com,DE,0,0,0,0,0,0,0
773,https://www.avis.de,DE,0,0,0,0,0,0,0
774,http://zop-essen.de,DE,0,0,0,0,0,0,0
775,https://www.ostseeferienpark-seepferdchen.de,DE,0,0,0,0,0,0,0
776,https://www.vapiano.de,DE,0,0,0,0,0,0,0
777,http://www.pankratiushof.de,DE,0,0,0,0,0,0,0
778,https://www.mcdonalds.com,DE,0,0,0,0,0,0,0
779,https://www.zahnarzt-wiessner.com,DE,0,0,0,0,0,0,0
780,https://kunstundspiel.com,DE,0,0,0,0,0,0,0
783,https://www.hackesche-hoefe.de,DE,0,0,0,0,0,0,0
784,https://malerpit.de,DE,0,0,0,0,0,0,0
785,http://www.hotel-therme-teinach.de,DE,0,0,0,0,0,0,0
786,http://www.settele-kfz.de,DE,0,0,0,0,0,0,0
787,http://www.dumke-luett.de,DE,0,0,0,0,0,0,0
788,https://www.meissner-elektronic.de,DE,0,0,0,0,0,0,0
789,http://www.albert-zweiradcenter.de,DE,0,0,0,0,0,0,0
790,http://www.zahnzentrum-rostock.de,DE,0,0,0,0,0,0,0
791,http://thesanctuaryberlin.com,DE,0,0,0,0,0,0,0
792,http://www.binder-partner.de,DE,0,0,0,0,0,0,0
794,https://www.fritz-berger.de,DE,0,0,0,0,0,0,0
795,https://www.sport-bittl.com,DE,0,0,0,0,0,0,0
796,http://www.wofa-wolf.de,DE,0,0,0,0,0,0,0
797,http://www.haustechnik-lotter.de,DE,0,0,0,0,0,0,0
798,https://www.sieben-koenigslande.de,DE,0,0,0,0,0,0,0
799,http://www.hans-hund.de,DE,0,0,0,0,0,0,0
800,https://www.panorama-therme.de,DE,0,0,0,0,0,0,0
801,https://www.implantate-tuebingen.de,DE,0,0,0,0,0,0,0
802,https://www.warnemuender-hof.de,DE,0,0,0,0,0,0,0
803,http://www.momo-ramen.de,DE,0,0,0,0,0,0,0
804,https://www.cube-store-rhoen.de,DE,0,0,0,0,0,0,0
805,https://www.scheller-auto.de,DE,0,0,0,0,0,0,0
806,http://auto1-group.com,DE,0,0,0,0,0,0,0
807,http://www.grunecker.de,DE,0,0,0,0,0,0,0
808,http://www.schneiders-jobagentur.de,DE,0,0,0,0,0,0,0
809,http://www.tannenhof-oberweilbach.de,DE,0,0,0,0,0,0,0
810,https://www.conrad-elektro.de,DE,0,0,0,0,0,0,0
811,http://www.fa-potsdam.brandenburg.de,DE,0,0,0,0,0,0,0
812,http://www.hotel-europa.de,DE,0,0,0,0,0,0,0
813,http://stahl-bau.info,DE,0,0,0,0,0,0,0
814,https://goodmorningberlincitywest.com,DE,0,0,0,0,0,0,0
815,https://cafebeerenland.de,DE,0,0,0,0,0,0,0
816,https://zahnarzt-toeroek-thumm.de,DE,0,0,0,0,0,0,0
817,https://www.elronik.de,DE,0,0,0,0,0,0,0
818,http://www.plantbase.berlin,DE,0,0,0,0,0,0,0
819,https://www.notebooksbilliger.de,DE,0,0,0,0,0,0,0
820,http://www.schmitt-hoff.de,DE,0,0,0,0,0,0,0
821,http://www.cafe-glueck-fulda.de,DE,0,0,0,0,0,0,0
822,http://www.quarree-dental.de,DE,0,0,0,0,0,0,0
823,https://schwarz-weissenhorn.de,DE,0,0,0,0,0,0,0
824,http://www.stuckensen-ullrich.de,DE,0,0,0,0,0,0,0
825,http://fahrradhandel-heiden.de,DE,0,0,0,0,0,0,0
826,https://www.prefa.de,DE,0,0,0,0,0,0,0
827,https://cafe-extrablatt.de,DE,0,0,0,0,0,0,0
828,http://auto-rieger.de,DE,0,0,0,0,0,0,0
829,http://www.holz-weisbrodt.de,DE,0,0,0,0,0,0,0
830,http://www.rostock2.shbb.de,DE,0,0,0,0,0,0,0
831,https://harputrestaurant.de,DE,0,0,0,0,0,0,0
832,http://www.horst-busch.de,DE,0,0,0,0,0,0,0
833,https://www.kiesow.de,DE,0,0,0,0,0,0,0
834,http://www.docsander.de,DE,0,0,0,0,0,0,0
835,http://www.lackiercenter-handel.de,DE,0,0,0,0,0,0,0
836,http://hotel-wiesbaden.dorint.com,DE,0,0,0,0,0,0,0
837,http://zmo-mainz.de,DE,0,0,0,0,0,0,0
838,https://www.cosy-wasch.de,DE,0,0,0,0,0,0,0
839,http://www.mkgulm.de,DE,0,0,0,0,0,0,0
840,https://www.bedenknecht.com,DE,0,0,0,0,0,0,0
841,http://www.bad-heizung-profi.de,DE,0,0,0,0,0,0,0
843,https://www.zenner.berlin,DE,0,0,0,0,0,0,0
844,http://www.weingeister.de,DE,0,0,0,0,0,0,0
845,https://www.ihg.com,DE,0,0,0,0,0,0,0
846,http://www.maler-rebel.de,DE,0,0,0,0,0,0,0
847,https://www.casinoroyal.de,DE,0,0,0,0,0,0,0
848,http://loewen-ulm.com,DE,0,0,0,0,0,0,0
849,http://www.elektro-phase.de,DE,0,0,0,0,0,0,0
850,https://www.burg-reichenstein.com,DE,0,0,0,0,0,0,0
851,https://www.spielbanken-niedersachsen.de,DE,0,0,0,0,0,0,0
852,http://www.ziereis.blog,DE,0,0,0,0,0,0,0
853,https://www.billard-club-wiesbaden-2000.de,DE,0,0,0,0,0,0,0
854,http://www.mainzer-anwalt.de,DE,0,0,0,0,0,0,0
855,https://www.outletcity.com,DE,0,0,0,0,0,0,0
856,http://www.altvater.de,DE,0,0,0,0,0,0,0
857,https://www.verlocke.de,DE,0,0,0,0,0,0,0
858,https://www.barrys.com,DE,0,0,0,0,0,0,0
859,https://www.teamwerk-esslingen.de,DE,0,0,0,0,0,0,0
860,https://fahrrad-floth.de,DE,0,0,0,0,0,0,0
861,http://rueyam.de,DE,0,0,0,0,0,0,0
862,http://www.kfo-stuttgart.com,DE,0,0,0,0,0,0,0
863,http://www.dein-alex.de,DE,0,0,0,0,0,0,0
864,http://www.spielplatz-mannheim.de,DE,0,0,0,0,0,0,0
865,http://www.manfred-schmid.de,DE,0,0,0,0,0,0,0
866,http://www.friseur-khair.de,DE,0,0,0,0,0,0,0
867,http://www.mkgchirurgie-weiden.de,DE,0,0,0,0,0,0,0
868,http://www.solida-stb.com,DE,0,0,0,0,0,0,0
869,http://www.elektrotechnik-nitz.de,DE,0,0,0,0,0,0,0
870,http://www.keipp.com,DE,0,0,0,0,0,0,0
871,http://www.am-schloss-biebrich.de,DE,0,0,0,0,0,0,0
872,https://www.kija-bau.de,DE,0,0,0,0,0,0,0
873,https://www.zm-z.de,DE,0,0,0,0,0,0,0
874,https://ey-law.de,DE,0,0,0,0,0,0,0
875,http://www.deutscheoperberlin.de,DE,0,0,0,0,0,0,0
876,https://www.z-24.de,DE,0,0,0,0,0,0,0
877,http://fischzucht-gerstner.de,DE,0,0,0,0,0,0,0
878,https://melle.vandervalk.de,DE,0,0,0,0,0,0,0
879,https://www.adac-rheinland-pfalz.de,DE,0,0,0,0,0,0,0
880,http://www.nordcoast-coffee.de,DE,0,0,0,0,0,0,0
881,https://www.demling.de,DE,0,0,0,0,0,0,0
882,http://dermatologie-spandau.de,DE,0,0,0,0,0,0,0
883,http://arena-hotel.de,DE,0,0,0,0,0,0,0
884,http://www.winklstueberl.de,DE,0,0,0,0,0,0,0
885,http://www.bansbach-gmbh.de,DE,0,0,0,0,0,0,0
886,https://www.bona-me.de,DE,0,0,0,0,0,0,0
887,https://enthus.de,DE,0,0,0,0,0,0,0
888,https://www.gartencenter-schloesser.de,DE,0,0,0,0,0,0,0
889,http://www.eselsmuehle.com,DE,0,0,0,0,0,0,0
890,https://www.zalando.de,DE,0,0,0,0,0,0,0
891,http://www.hymer-waldsee.de,DE,0,0,0,0,0,0,0
892,https://www.grantthornton.de,DE,0,0,0,0,0,0,0
893,https://layeno.com,DE,0,0,0,0,0,0,0
894,https://www.philipps-bochum.de,DE,0,0,0,0,0,0,0
895,https://www.winkler-braeu.de,DE,0,0,0,0,0,0,0
896,http://www.macao-raunheim.de,DE,0,0,0,0,0,0,0
897,https://www.spk-vorpommern.de,DE,0,0,0,0,0,0,0
898,https://www.contutum.de,DE,0,0,0,0,0,0,0
899,https://www.mazars.de,DE,0,0,0,0,0,0,0
900,https://www.aulinger.eu,DE,0,0,0,0,0,0,0
901,https://www.hotel-newton.de,DE,0,0,0,0,0,0,0
902,https://ernst-fress-ohg-sanitaer.weblocator.de,DE,0,0,0,0,0,0,0
903,https://hrewards.com,DE,0,0,0,0,0,0,0
904,https://chocoversum.de,DE,0,0,0,0,0,0,0
906,https://www.rhoen-park-hotel.de,DE,0,0,0,0,0,0,0
908,http://www.breakeven-bielefeld.de,DE,0,0,0,0,0,0,0
909,https://www.frauenaerzte-nuernberg-nord.de,DE,0,0,0,0,0,0,0
910,http://www.epi-gmbh.de,DE,0,0,0,0,0,0,0
911,http://www.meisterbetrieb-schiller.de,DE,0,0,0,0,0,0,0
912,http://kidz-doc.de,DE,0,0,0,0,0,0,0
913,http://www.bauer-lipp.de,DE,0,0,0,0,0,0,0
915,https://www.johanniter-gaestehaus.de,DE,0,0,0,0,0,0,0
916,http://globetrotter.de,DE,0,0,0,0,0,0,0
917,http://www.ll-friseure.de,DE,0,0,0,0,0,0,0
918,https://www.euramobil.de,DE,0,0,0,0,0,0,0
919,http://www.blumenhof-griem.de,DE,0,0,0,0,0,0,0
920,http://www.maler-guel.de,DE,0,0,0,0,0,0,0
921,http://www.hardy-barth.de,DE,0,0,0,0,0,0,0
922,http://www.sparkasse-sw-has.de,DE,0,0,0,0,0,0,0
923,https://www.weingut-isler.de,DE,0,0,0,0,0,0,0
924,http://www.schleusenkrug.de,DE,0,0,0,0,0,0,0
925,https://www.hugendubel.de,DE,0,0,0,0,0,0,0
926,https://adameve-hamburg.de,DE,0,0,0,0,0,0,0
927,https://www.opel-franke-weiden.de,DE,0,0,0,0,0,0,0
928,http://www.heimkinoraum.de,DE,0,0,0,0,0,0,0
929,https://www.esenwein.de,DE,0,0,0,0,0,0,0
930,https://www.elektrokleist.de,DE,0,0,0,0,0,0,0
931,http://www.hardes-gmbh.de,DE,0,0,0,0,0,0,0
932,https://www.asw-automobile.de,DE,0,0,0,0,0,0,0
933,https://www.kebo.de,DE,0,0,0,0,0,0,0
934,http://www.spk-ro-aib.de,DE,0,0,0,0,0,0,0
935,http://www.haare-mittmann.de,DE,0,0,0,0,0,0,0
936,https://thaipark.de,DE,0,0,0,0,0,0,0
937,http://www.wuehli.biz,DE,0,0,0,0,0,0,0
938,http://www.sankt-martin.de,DE,0,0,0,0,0,0,0
939,http://www.curacon.de,DE,0,0,0,0,0,0,0
940,https://welt-im-buch.de,DE,0,0,0,0,0,0,0
941,https://www.der-felsner.de,DE,0,0,0,0,0,0,0
942,http://www.joesepps-brauhaus.de,DE,0,0,0,0,0,0,0
943,http://www.braeustuben.de,DE,0,0,0,0,0,0,0
944,http://www.gea.com,DE,0,0,0,0,0,0,0
945,https://konditorei-heinemann.de,DE,0,0,0,0,0,0,0
946,https://www.dentalzentrum-essen.de,DE,0,0,0,0,0,0,0
947,http://www.ulmermuensterhotel.de,DE,0,0,0,0,0,0,0
948,https://www.gvw.com,DE,0,0,0,0,0,0,0
949,http://www.hotel-pegnitz.de,DE,0,0,0,0,0,0,0
950,https://www.bohotel.com,DE,0,0,0,0,0,0,0
951,http://www.damianwerner.de,DE,0,0,0,0,0,0,0
952,http://www.hotel-handelshof-buende.de,DE,0,0,0,0,0,0,0
953,https://www.boulderwelt-dortmund.de,DE,0,0,0,0,0,0,0
954,http://rostocker-stadtmaler.de,DE,0,0,0,0,0,0,0
955,https://www.puls-malerei.de,DE,0,0,0,0,0,0,0
956,https://www.steuerberaterkammer-westfalen-lippe.de,DE,0,0,0,0,0,0,0
957,http://www.mgr-stb.de,DE,0,0,0,0,0,0,0
958,http://www.alb-elektric.de,DE,0,0,0,0,0,0,0
959,https://www.stage-entertainment.de,DE,0,0,0,0,0,0,0
960,http://www.hymer.com,DE,0,0,0,0,0,0,0
961,https://www.mercedes-benz-ulm-schwaebischgmuend.de,DE,0,0,0,0,0,0,0
962,https://www.share-now.com,DE,0,0,0,0,0,0,0
963,https://www.sta-wuppertal.nrw.de,DE,0,0,0,0,0,0,0
964,http://www.pflanzenundfloristikweth.de,DE,0,0,0,0,0,0,0
965,https://www.fair-play-casino.de,DE,0,0,0,0,0,0,0
966,https://bz.nuernberg.de,DE,0,0,0,0,0,0,0
967,https://www.werner-kollegen.com,DE,0,0,0,0,0,0,0
968,https://www.hotel-darstein.de,DE,0,0,0,0,0,0,0
969,https://bigboostburger.de,DE,0,0,0,0,0,0,0
970,https://www.rvb-hassberge.de,DE,0,0,0,0,0,0,0
971,http://ginza-matsunaga.com,DE,0,0,0,0,0,0,0
972,http://kxkbarbershop.com,DE,0,0,0,0,0,0,0
973,http://www.malerinnung-muenchen.de,DE,0,0,0,0,0,0,0
974,https://www.zikarsky.de,DE,0,0,0,0,0,0,0
975,https://www.bandel-online.de,DE,0,0,0,0,0,0,0
976,https://www.blumenparadies-kral.de,DE,0,0,0,0,0,0,0
977,http://www.l-t.de,DE,0,0,0,0,0,0,0
978,https://www.maler-wolfseher.de,DE,0,0,0,0,0,0,0
979,https://www.diemalbucht.de,DE,0,0,0,0,0,0,0
980,http://www.schalttechnik.com,DE,0,0,0,0,0,0,0
982,http://www.siebenwelten.de,DE,0,0,0,0,0,0,0
983,https://www.jammertal.de,DE,0,0,0,0,0,0,0
984,https://calendly.com,DE,0,0,0,0,0,0,0
985,https://memorie-z.de,DE,0,0,0,0,0,0,0
986,https://www.86fss.com,DE,0,0,0,0,0,0,0
987,http://www.koch-malermeister.de,DE,0,0,0,0,0,0,0
988,http://www.bienemann.nrw,DE,0,0,0,0,0,0,0
989,http://www.bain.de,DE,0,0,0,0,0,0,0
990,http://www.zf.com,DE,0,0,0,0,0,0,0
991,https://www.doorout.com,DE,0,0,0,0,0,0,0
992,http://www.westermann.cc,DE,0,0,0,0,0,0,0
993,http://www.finanzamt-schweinfurt.de,DE,0,0,0,0,0,0,0
994,http://www.porsche-wuerzburg.de,DE,0,0,0,0,0,0,0
995,https://www.holzmarkt.com,DE,0,0,0,0,0,0,0
996,https://www.schloss-berge.de,DE,0,0,0,0,0,0,0
997,http://www.friseur-liedtke.de,DE,0,0,0,0,0,0,0
998,https://www.leickel.de,DE,0,0,0,0,0,0,0
999,http://www.friseur-aram.de,DE,0,0,0,0,0,0,0
